ＰＪコード枝番,ＰＪ名称,ＰＪ契約形態,予定期間(自),予定期間(至),ＰＪタイプ名称,ＰＪ分類,実行予算見積番号
08COS0007-06,【ｻﾎﾟｰﾄ】WRC:ﾒﾝﾃﾅﾝｽ/ﾍﾙﾌﾟﾃﾞｽｸ,社内PJ,2023/04/01,2031/12/31,直接（サポート、保守）,SIOS Apps,
08COS0008-05,【ｻﾎﾟｰﾄ】WDC:ﾒﾝﾃﾅﾝｽ/ﾍﾙﾌﾟﾃﾞｽｸ(OSS,社内PJ,2023/04/01,2031/12/31,直接（サポート、保守）,SIOS Apps,
08COS0016-05,OTS:2次保守_Linux,社内PJ,2024/01/01,2031/12/31,直接（サポート、保守）,PS,
08COS0030-17,OTS_OSSよろず_2407-2506,保守,2024/07/01,2025/06/30,直接（サポート、保守）,PS,
08COS0030-18,OTS_OSSよろず_2507-2606,保守,2025/07/01,2026/06/30,直接（サポート、保守）,PS,
08COS0031-55,NTT_OSSよろず_2501-2503(L),一括請負,2025/01/01,2025/03/31,直接（サポート、保守）,PS,
08COS0031-56,NTT_OSSよろず_2504-2506(L),一括請負,2025/04/01,2025/06/30,直接（サポート、保守）,PS,
08COS0031-57,NTT_OSSよろず_2507-2509(L),一括請負,2025/07/01,2025/09/30,直接（サポート、保守）,PS,
094MD0003-05,【ｻﾎﾟｰﾄ】LK Premiumｻﾎﾟｰﾄ,社内PJ,2024/01/01,2031/12/31,直接（サポート、保守）,BC&CS,
096OS0001-06,【ｻﾎﾟｰﾄ】EDBサポート,社内PJ,2023/11/01,2031/12/31,直接（サポート、保守）,PS,
097OS0002-05,【ｻﾎﾟｰﾄ】Quickスキャン,社内PJ,2023/04/01,2031/12/31,直接（サポート、保守）,SIOS Apps,
09AOS0001-16,IDCフロンティア_OSSよろず_2410-2509,保守,2024/10/01,2025/09/30,直接（サポート、保守）,PS,
101PD0005-13,SteelEye製品のメンテナンス&QA（2021～）,一括請負,2024/01/01,2026/12/31,直接（請負契約）,BC&CS,
103AD0002-05,【製品】MFP,社内PJ,2023/04/01,2031/12/31,直接（製品エンハンス）,SIOS Apps,
106WS0001-05,【製品】WRC,社内PJ,2023/04/01,2031/12/31,直接（製品エンハンス）,SIOS Apps,
107MD0001-06,【製品】LK,社内PJ,2024/01/01,2031/12/31,直接（製品エンハンス）,BC&CS,
107MD0002-05,【製品】DK,社内PJ,2023/04/01,2031/12/31,直接（製品エンハンス）,BC&CS,
107MD0005-06,【ｻﾎﾟｰﾄ】LKサポート,社内PJ,2024/01/01,2031/12/31,直接（サポート、保守）,BC&CS,
107MD0009-05,【教育】LK,社内PJ,2024/01/01,2031/12/31,直接（サポート、保守）,BC&CS,
107OS0031-05,【サービス共通】OSSよろず,社内PJ,2024/01/01,2031/12/31,直接（サービス共通）,PS,
10AAD0001-05,【サービス共通】MFP,社内PJ,2023/04/01,2031/12/31,直接（サポート、保守）,SIOS Apps,
117OS0001-13,トヨタ_OSSよろず_2404-2503,保守,2024/04/01,2025/03/31,直接（サポート、保守）,PS,
117OS0001-14,トヨタ_OSSよろず_2504-2603,保守,2025/04/01,2026/03/31,直接（サポート、保守）,PS,
119CS0008-05,【サービス共通】一般導入,社内PJ,2023/04/01,2026/03/31,直接（サービス共通）,PS,
121MD0002-04,【製品】SSP,社内PJ,2023/04/01,2031/12/31,直接（製品エンハンス）,BC&CS,
126OS0005-14,TGINET_OSSよろず_2404-2503,保守,2024/04/01,2025/03/31,直接（サポート、保守）,PS,
126OS0005-15,TGINET_OSSよろず_2504-2603,保守,2025/04/01,2026/03/31,直接（サポート、保守）,PS,
12AOS0007-13,QUICK_OSSよろず_2411-2510,保守,2024/11/01,2025/10/31,直接（サポート、保守）,PS,
131CS0001-10,SI保_ANA_SGA_2024,保守,2024/04/01,2025/03/31,直接（サポート、保守）,PS,
131CS0001-11,SI保_ANA_SGA_2025,保守,2025/04/01,2026/03/31,直接（サポート、保守）,PS,
132OS0002-13,電算_OSSよろず_2404-2503,保守,2024/04/01,2025/03/31,直接（サポート、保守）,PS,
132OS0002-14,電算_OSSよろず_2504-2603,保守,2025/04/01,2026/03/31,直接（サポート、保守）,PS,
138TS0002-12,マネックス_OSSよろず_2408-2507,保守,2024/08/01,2025/07/31,直接（サポート、保守）,PS,
138TS0005-12,ヤマトシステム開発_OSSよろず_2409-2508,保守,2024/09/01,2025/08/31,直接（サポート、保守）,PS,
138TS0007-24,テクマトリックス_OSSよろず_2408-2501,保守,2024/08/01,2025/01/31,直接（サポート、保守）,PS,
138TS0007-25,テクマトリックス_OSSよろず_2502-2507,保守,2025/02/01,2025/07/31,直接（サポート、保守）,PS,
138TS0007-26,テクマトリックス_OSSよろず_2508-2601,保守,2025/08/01,2026/01/31,直接（サポート、保守）,PS,
13CCS0008-11,【サービス共通】保守プロジェクト_2025年,保守,2025/01/01,2025/12/31,直接（サービス共通）,PS,
13CTS0001-12,あいおいニッセイ同和損保_OSSよろず_2501-2512,保守,2025/01/01,2025/12/31,直接（サポート、保守）,PS,
141P10001-03,STC製品開発,一括請負,2023/01/01,2025/12/31,直接（請負契約）,BC&CS,
142TS0002-10,ソフトバンクテレコム_OSSよろず_2402-2501,保守,2024/02/01,2025/01/31,直接（サポート、保守）,PS,
142TS0002-11,ソフトバンクテレコム_OSSよろず_2502-2601,保守,2025/02/01,2026/01/31,直接（サポート、保守）,PS,
143TS0001-14,HISOL_OSSよろず_2404-2503,保守,2024/04/01,2025/03/31,直接（サポート、保守）,PS,
143TS0001-15,HISOL_OSSよろず_2504-2603,保守,2025/04/01,2026/03/31,直接（サポート、保守）,PS,
143TS0005-11,インフォコム_OSSよろず_2404-2503,保守,2024/04/01,2025/03/31,直接（サポート、保守）,PS,
143TS0005-12,インフォコム_OSSよろず_2504-2603,保守,2025/04/01,2026/03/31,直接（サポート、保守）,PS,
144CS0001-11,SI保_三重大学_SGA_2024,保守,2024/04/01,2025/03/31,直接（サポート、保守）,PS,
144CS0001-12,SI保_三重大学_SGA_2025,保守,2025/04/01,2026/03/31,直接（サポート、保守）,PS,
144CS0008-11,SI保_武庫川女子大学_SGA_2024,保守,2024/04/01,2025/03/31,直接（サポート、保守）,PS,
144CS0008-12,SI保_武庫川女子大学_SGA_2025,保守,2025/04/01,2026/03/31,直接（サポート、保守）,PS,
144CS0020-08,SI保_久留米大学_GAアカウント連携_2024-2026,保守,2024/04/01,2026/03/31,直接（サポート、保守）,PS,
144CS0030-11,SI保_中央大学_SGA_2024,保守,2024/04/01,2025/03/31,直接（サポート、保守）,PS,
144CS0030-12,SI保_中央大学_SGA_2025,保守,2025/04/01,2026/03/31,直接（サポート、保守）,PS,
144CS0032-11,SI保_安田学園_SGA_2024,保守,2024/04/01,2025/03/31,直接（サポート、保守）,PS,
144CS0032-12,SI保_安田学園_SGA_2025,保守,2025/04/01,2026/03/28,直接（サポート、保守）,PS,
144CS0041-11,SI保_国分_ID統合管理システム_2024,保守,2024/05/01,2025/04/30,直接（サポート、保守）,PS,
144CS0041-12,SI保_国分_ID統合管理システム_2025,保守,2025/05/01,2026/04/30,直接（サポート、保守）,PS,
144CS0050-11,SI保_産業医科大_Office365+ADFS_2024,保守,2024/04/01,2025/03/31,直接（サポート、保守）,PS,
144CS0050-12,SI保_産業医科大_Office365+ADFS_2025,保守,2025/04/01,2026/03/31,直接（サポート、保守）,PS,
147CS0003-11,SI保_東京スター銀行_新D&Aシステム保守_2407-2506,保守,2024/07/01,2025/06/30,直接（サポート、保守）,PS,
147CS0003-12,SI保_東京スター銀行_新D&Aシステム保守_2507-2604,保守,2025/07/01,2026/04/30,直接（サポート、保守）,PS,
147CS0031-11,SI保_女子美大_SGA_2024,保守,2024/04/01,2025/03/31,直接（サポート、保守）,PS,
147CS0031-12,SI保_女子美大_SGA_2025,保守,2025/04/01,2026/03/31,直接（サポート、保守）,PS,
147CS0032-04,【ｻﾎﾟｰﾄ】AWS運用代行サービス,社内PJ,2023/04/01,2031/12/31,直接（サポート、保守）,PS,
148TS0003-21,NTTデータグループ_OSSよろず(Cent/Win)_2410-2503,保守,2024/10/01,2025/03/31,直接（サポート、保守）,PS,
148TS0003-22,NTTデータグループ_OSSよろず(Cent/Win)_2504-2509,保守,2025/04/01,2025/09/30,直接（サポート、保守）,PS,
148TS0009-10,沖電気工業_OSSよろず_2404-2503,保守,2024/04/01,2025/03/31,直接（サポート、保守）,PS,
149CS0002-12,SI保_大阪電通大_寝屋川キャンパス_2024,保守,2024/04/01,2025/03/31,直接（サポート、保守）,PS,
149CS0002-13,SI保_大阪電通大_寝屋川キャンパス_2025,保守,2025/04/01,2026/03/31,直接（サポート、保守）,PS,
149CS0003-11,SI保_長谷川香料_GoogleApps連携_2024,保守,2024/10/01,2025/09/30,直接（サポート、保守）,PS,
149TS0002-04,【ｻﾎﾟｰﾄ】OSSよろず for Web Server,社内PJ,2023/01/01,2031/12/31,直接（サポート、保守）,PS,
149TS0003-04,【ｻﾎﾟｰﾄ】OSSよろず for Database,社内PJ,2023/04/01,2031/12/31,直接（サポート、保守）,PS,
14ACS0011-14,SI保_大阪成蹊大学_GoogleApps連携_2024,保守,2024/10/01,2025/09/30,直接（サポート、保守）,PS,
14BTS0001-11,トピックス_OSSよろず_2405-2504,保守,2024/05/01,2025/04/30,直接（サポート、保守）,PS,
152CS0019-03,【調査検証】インフラ導入,社内PJ,2023/04/01,2026/03/31,調査検証費,PS,
152CS0020-03,【調査検証】データ分析基盤導入,社内PJ,2023/04/01,2026/03/31,調査検証費,PS,
152CS0029-11,SI保_慶應義塾大学_Office365連携スクリプト_2024,保守,2024/04/01,2025/03/31,直接（サポート、保守）,PS,
152CS0029-12,SI保_慶應義塾大学_Office365連携スクリプト_2025,保守,2025/04/01,2026/03/31,直接（サポート、保守）,PS,
152TS0011-09,富士通(アイチ情報)_OSSよろず_2402-2501,保守,2024/02/01,2025/01/31,直接（サポート、保守）,PS,
152TS0011-10,富士通(アイチ情報)_OSSよろず_2502-2601,保守,2025/02/01,2026/01/31,直接（サポート、保守）,PS,
153CS0019-10,SI保_大阪電通大学_J号館LMAD追加_2024,保守,2024/04/01,2025/03/31,直接（サポート、保守）,PS,
153CS0019-11,SI保_大阪電通大学_J号館LMAD追加_2025,保守,2025/04/01,2026/03/31,直接（サポート、保守）,PS,
154CS0016-10,SI保_日本大学NU-Apps関連システム_2024,保守,2024/04/01,2025/03/31,直接（サポート、保守）,PS,
154CS0016-11,SI保_日本大学NU-Apps関連システム_2025,保守,2025/04/01,2026/03/31,直接（サポート、保守）,PS,
154TS0005-10,NTTコミュニケーションズ_OSSよろず(ｲﾝｼﾃﾞﾝﾄ)_2405-2504,保守,2024/05/01,2025/04/30,直接（サポート、保守）,PS,
154TS0005-11,NTTコミュニケーションズ_OSSよろず(ｲﾝｼﾃﾞﾝﾄ)_2505-2604,保守,2025/05/01,2026/04/30,直接（サポート、保守）,PS,
155CS0005-10,SI保_国分 ID統合管理システム_システム改修_2024,保守,2024/05/01,2025/04/30,直接（サポート、保守）,PS,
155CS0005-11,SI保_国分 ID統合管理システム_システム改修_2025,保守,2025/05/01,2026/04/30,直接（サポート、保守）,PS,
155TS0006-10,アドバンテスト_OSSよろず_2406-2505,保守,2024/06/01,2025/05/31,直接（サポート、保守）,PS,
156CS0022-09,SI保_札幌市立大学_Office365連携システム保守_2404-2503,保守,2024/04/01,2025/03/31,直接（サポート、保守）,PS,
158CS0004-10,SI保_豊島区役所_Proxyサーバシステム運用_2024,保守,2024/06/01,2025/05/31,直接（サポート、保守）,PS,
158CS0004-11,SI保_豊島区役所_Proxyサーバシステム運用_2025,保守,2025/06/01,2026/05/31,直接（サポート、保守）,PS,
159CS0009-10,SI保_大阪体育大学_SGA_2024,保守,2024/10/01,2025/09/30,直接（サポート、保守）,PS,
159TS0004-10,富士通クラウドテクノロジーズ_OSSよろず_2410-2509,保守,2024/10/01,2025/09/30,直接（サポート、保守）,PS,
163CS0017-09,SI保_シグマクシス_SGA保守_20234,保守,2024/04/01,2025/03/31,直接（サポート、保守）,PS,
163TS0002-08,アルゴグラフィックス_OSSよろず_2403-2502,保守,2024/03/01,2025/02/28,直接（サポート、保守）,PS,
163TS0002-09,アルゴグラフィックス_OSSよろず_2503-2602,保守,2025/03/01,2026/02/28,直接（サポート、保守）,PS,
164CS0001-09,SI保_大阪電通大_四条畷LM_2024,保守,2024/04/01,2025/03/31,直接（サポート、保守）,PS,
164CS0001-10,SI保_大阪電通大_四条畷LM_2025,保守,2025/04/01,2026/03/31,直接（サポート、保守）,PS,
164CS0020-09,SI保_ウィルグループ_ID統合管理システム_2024,保守,2024/04/01,2025/03/31,直接（サポート、保守）,PS,
164CS0020-10,SI保_ウィルグループ_ID統合管理システム_2025,保守,2025/04/01,2026/03/31,直接（サポート、保守）,PS,
166CS0004-09,SI保_国立国語研究所_O365連携_2024,保守,2024/04/01,2025/03/31,直接（サポート、保守）,PS,
166CS0004-10,SI保_国立国語研究所_O365連携_2025,保守,2025/04/01,2026/03/31,直接（サポート、保守）,PS,
167TS0001-09,インフォコム(TomcatStruts)_OSSよろず_2404-2503,保守,2024/04/01,2025/03/31,直接（サポート、保守）,PS,
16ACS0011-23,SI保_楽天証券_ID統合管理システム_2025,保守,2025/01/01,2025/12/31,直接（サポート、保守）,PS,
16ATS0001-09,みずほリサーチ＆テクノロジーズ_OSSよろず_2410-2509,保守,2024/10/01,2025/09/30,直接（サポート、保守）,PS,
171P10002-04,【調査検証】LK,社内PJ,2023/04/01,2026/03/31,調査検証費,BC&CS,
171P10005-03,【製品】Coati,社内PJ,2023/04/01,2031/12/31,直接（製品エンハンス）,BC&CS,
171TS0003-08,アイシーエス_OSSよろず_2402-2501,保守,2024/02/01,2025/01/31,直接（サポート、保守）,PS,
171TS0003-09,アイシーエス_OSSよろず_2502-2601,保守,2025/02/01,2026/01/31,直接（サポート、保守）,PS,
172CS0011-04,SI保_滋賀医科大学_学術情報基盤システム保守_2303-2602,保守,2023/03/01,2026/02/28,直接（サポート、保守）,PS,
173CS0021-08,SI保_法政大学_GA連携システム_2026,保守,2024/10/01,2026/09/30,直接（サポート、保守）,PS,
173TS0007-08,IIJ_OSSよろず_2404-2503,保守,2024/04/01,2025/03/31,直接（サポート、保守）,PS,
173TS0012-08,中国電力_OSSよろず_2404-2503,保守,2024/04/01,2025/03/31,直接（サポート、保守）,PS,
173TS0012-09,中国電力_OSSよろず_2504-2603,保守,2025/04/01,2026/03/31,直接（サポート、保守）,PS,
175TS0001-03,【ｻﾎﾟｰﾄ】OSSよろず Ans,社内PJ,2023/04/01,2031/12/31,直接（サポート、保守）,PS,
176TS0001-09,朝日新聞社_OSSよろず_2501-2512,保守,2025/01/01,2025/12/31,直接（サポート、保守）,PS,
176TS0005-08,いすゞシステムサービス_OSSよろず_2406-2505,保守,2024/06/01,2025/05/31,直接（サポート、保守）,PS,
176TS0005-09,いすゞシステムサービス_OSSよろず_2506-2605,保守,2025/06/01,2026/05/31,直接（サポート、保守）,PS,
179CS0012-08,SI保_YKKAP G Suite_2025,保守,2025/01/01,2025/12/31,直接（サポート、保守）,PS,
179TS0001-08,東邦ガス情報システム_OSSよろず_2409-2508,保守,2024/09/01,2025/08/31,直接（サポート、保守）,PS,
17BP20001-03,【製品】FAX製品,社内PJ,2023/04/01,2031/12/31,直接（製品エンハンス）,SIOS Apps,
181AG0005-09,SIOS bilink（2024年-26年度売上計上用）,社内PJ,2024/01/01,2031/12/31,直接（請負契約）,APIソリューション,
181P20001-13,【研究開発】MFP2025(上期),社内PJ,2025/01/01,2025/06/30,研究開発費,SIOS Apps,
182CS0001-10,富士通_OSSよろず_2410-2503,保守,2024/10/01,2025/03/31,直接（サポート、保守）,PS,
182CS0001-11,富士通_OSSよろず_2504-2603,保守,2025/04/01,2026/03/31,直接（サポート、保守）,PS,
183CS0004-05,SI保_順天堂大学_Office365連携サーバ_2402-2503,保守,2024/02/01,2025/03/31,直接（サポート、保守）,PS,
183CS0004-06,SI保_順天堂大学_クラウド連携サーバ_2504-2603,保守,2025/04/01,2026/03/31,直接（サポート、保守）,PS,
184CS0002-07,SI保_京都産業大学_O365連携システム_2024,保守,2024/04/01,2025/03/31,直接（サポート、保守）,PS,
184CS0002-08,SI保_京都産業大学_O365連携システム_2025,保守,2025/04/01,2026/03/31,直接（サポート、保守）,PS,
184CS0008-07,日本ビジネス開発_OSSよろず_2404-2503,保守,2024/04/01,2025/03/31,直接（サポート、保守）,PS,
184CS0008-08,日本ビジネス開発_OSSよろず_2504-2603,保守,2025/04/01,2026/03/31,直接（サポート、保守）,PS,
184CS0010-07,SI保_九州看護福祉大学_O365_2024,保守,2024/04/01,2025/03/31,直接（サポート、保守）,PS,
184CS0010-08,SI保_九州看護福祉大学_O365_2025,保守,2025/04/01,2026/03/31,直接（サポート、保守）,PS,
184CS0012-09,SI保_東京大学事務基盤更改 本郷(ID管理システム)_2501-2503,保守,2025/01/10,2025/03/31,直接（サポート、保守）,PS,
184CS0012-10,SI保_東京大学事務基盤更改 本郷(ID管理システム)_2504-2603,保守,2025/04/01,2026/03/31,直接（サポート、保守）,PS,
185CS0002-07,SI保_NTTAT_ADFS＋NGINX保守 2024,保守,2024/05/01,2025/04/30,直接（サポート、保守）,PS,
185CS0002-08,SI保_NTTAT_ADFS＋NGINX保守 2025,保守,2025/05/01,2026/04/30,直接（サポート、保守）,PS,
187AG0002-02,サポート：KONG,社内PJ,2023/04/01,2031/12/31,直接（サポート、保守）,APIソリューション,
188CS0004-07,SI保_電通総研SUNjava_OpenLDAP_2024,保守,2024/09/01,2025/08/31,直接（サポート、保守）,PS,
189AG0001-02,サポート：Apigee,社内PJ,2023/04/01,2031/12/31,直接（サポート、保守）,APIソリューション,
18BP10001-02,【サポート】LINBIT,社内PJ,2024/01/01,2031/12/31,直接（サポート、保守）,BC&CS,
18BPD0001-02,【調査検証】MFP,社内PJ,2023/04/01,2026/03/31,調査検証費,SIOS Apps,
18CP10001-03,【調査検証】LINBIT,社内PJ,2023/04/01,2026/03/31,調査検証費,BC&CS,
191CS0010-06,BIPROGY_OSSよろず_2404-2503,保守,2024/04/01,2025/03/31,直接（サポート、保守）,PS,
192CS0013-07,アイティーエム_OSSよろず_2406-2505,保守,2024/06/01,2025/05/31,直接（サポート、保守）,PS,
192CS0013-08,アイティーエム_OSSよろず_2506-2605,保守,2025/06/01,2026/05/31,直接（サポート、保守）,PS,
192CS0014-06,伊藤忠テクノソリューションズ_OSSよろず_2403-2502,保守,2024/03/01,2025/02/28,直接（サポート、保守）,PS,
192CS0014-07,伊藤忠テクノソリューションズ_OSSよろず_2503-2603,保守,2025/03/01,2026/03/31,直接（サポート、保守）,PS,
193CS0001-02,SI保_北星学園_LDAPシステム保守_2024,保守,2024/04/01,2025/03/31,直接（サポート、保守）,PS,
193CS0001-03,SI保_北星学園_LDAPシステム保守_2504-3003,保守,2025/04/01,2030/03/31,直接（サポート、保守）,PS,
193CS0002-05,SI保_和歌山大学O365_2024,保守,2024/03/01,2025/03/31,直接（サポート、保守）,PS,
193CS0002-06,SI保_和歌山大学O365_2025,保守,2025/04/01,2026/03/31,直接（サポート、保守）,PS,
193CS0010-06,日本ヒューレット･パッカード_OSSよろず_2404-2503,保守,2024/04/01,2025/03/31,直接（サポート、保守）,PS,
193CS0010-07,日本ヒューレット･パッカード_OSSよろず_2504-2603,保守,2025/04/01,2026/03/31,直接（サポート、保守）,PS,
193CS0015-06,SI保_UACJ_LDAP Managerシステム_2024,保守,2024/04/01,2025/03/31,直接（サポート、保守）,PS,
193CS0015-07,SI保_UACJ_LDAP Managerシステム_2025,保守,2025/04/01,2026/03/31,直接（サポート、保守）,PS,
193CS0016-06,エックスネット_OSSよろず_2404-2503,保守,2024/04/01,2025/03/31,直接（サポート、保守）,PS,
193CS0016-07,エックスネット_OSSよろず_2504-2603,保守,2025/04/01,2026/03/31,直接（サポート、保守）,PS,
193CS0020-07,日本IBM_OSSよろず(D&I情報システム)_2501-2512,保守,2025/01/01,2025/12/31,直接（サポート、保守）,PS,
194CS0001-05,保守：京都大学教職員グループウェア保守_202404-202501,保守,2024/04/01,2025/01/31,直接（サポート、保守）,,
194CS0006-06,パナソル_OSSよろず(NTTドコモ)_202404-202503,保守,2024/04/01,2025/03/31,直接（サポート、保守）,PS,
194CS0006-07,パナソル_OSSよろず(NTTドコモ)_202504-202603,保守,2025/04/01,2026/03/31,直接（サポート、保守）,PS,
194CS0008-01,SI保_京都大学_教職員グループウェア_2022,保守,2022/04/01,2025/01/31,直接（サポート、保守）,PS,
194CS0008-02,SI保_京都大学_教職員グループウェア_2025,保守,2025/02/03,2026/01/31,直接（サポート、保守）,PS,
194CS0009-06,SI保_奈良県立医科大学_ID管理システム_2024,保守,2024/04/01,2025/03/31,直接（サポート、保守）,PS,
194CS0009-07,SI保_奈良県立医科大学_ID管理システム_2025,保守,2025/04/01,2026/03/31,直接（サポート、保守）,PS,
195CS0003-06,SI保_武庫川女子大学_O365システム保守_2024,保守,2024/04/01,2025/03/31,直接（サポート、保守）,PS,
195CS0003-07,SI保_武庫川女子大学_O365システム保守_2025,保守,2025/04/01,2026/03/31,直接（サポート、保守）,PS,
195CS0009-06,SI保_九州大学_O365アカウント連携システム_2024,保守,2024/04/01,2025/03/31,直接（サポート、保守）,PS,
196CS0001-06,SI保_神戸市外国語大学_システム運用支援_2024,保守,2024/09/01,2025/08/31,直接（サポート、保守）,PS,
196CS0007-06,SI保_京都産業大学_多要素認証導入システム保守_2024,保守,2024/04/01,2025/03/31,直接（サポート、保守）,PS,
196CS0007-07,SI保_京都産業大学_多要素認証導入システム保守_2025,保守,2025/04/01,2026/03/31,直接（サポート、保守）,PS,
197CS0004-06,SI保_NTT-ME_LimeSurvey保守契約_2024,保守,2024/04/01,2025/03/31,直接（サポート、保守）,PS,
198CS0006-05,富士通Japan_OSSよろず_リプレース_2404-2503,保守,2024/04/01,2025/03/31,直接（サポート、保守）,PS,
198CS0009-02,SI保_北海道大学SSOとIdM構築保守_2412-2503,保守,2024/12/01,2025/03/31,直接（サポート、保守）,PS,
198CS0009-03,SI保_北海道大学SSOとIdM構築保守_2504-3003,保守,2025/04/01,2030/03/31,直接（サポート、保守）,PS,
199CS0009-05,SI保_京都文教大学_SSOシステム構築作業_2025,保守,2024/02/01,2025/03/31,直接（サポート、保守）,PS,
199CS0009-06,SI保_京都文教大学_SSOシステム構築作業_2504-2603,保守,2025/04/01,2026/03/31,直接（サポート、保守）,PS,
19AP20001-02,【製品】MFPサブスク,社内PJ,2023/04/01,2031/12/31,直接（製品エンハンス）,SIOS Apps,
19BCS0004-05,SI保_国分_LDAP Manager ASP_2024,保守,2024/04/01,2025/03/31,直接（サポート、保守）,PS,
19BCS0004-06,SI保_国分_LDAP Manager ASP_2025,保守,2025/04/01,2026/03/31,直接（サポート、保守）,PS,
19CCS0008-06,日本アイ・ビー・エム_OSSよろず_2501-2512,保守,2025/01/01,2025/12/31,直接（サポート、保守）,PS,
19CR20004-02,【調査検証】コンテナ調査検証,社内PJ,2023/04/01,2026/03/31,調査検証費,PS,
201CS0007-05,SI保_沢井製薬_G Suite連携システム_2024,保守,2024/03/01,2025/02/28,直接（サポート、保守）,PS,
201CS0007-06,SI保_沢井製薬_G Suite連携システム_2025,保守,2025/03/01,2026/02/28,直接（サポート、保守）,PS,
202AG0001-02,【調査検証】受託開発,社内PJ,2023/04/01,2026/03/31,調査検証費,PS,
202CS0003-05,SI保_工学院大_Shibboleth TOTP_2024,保守,2024/04/01,2025/03/31,直接（サポート、保守）,PS,
202CS0003-06,SI保_工学院大_Shibboleth TOTP_2025,保守,2025/04/01,2026/03/31,直接（サポート、保守）,PS,
203AG0004-01,サポート：DataStax,社内PJ,2023/03/01,2026/02/28,直接（サポート、保守）,APIソリューション,
203CS0001-05,SI保_NTTAT_モバイルワーク環境整備支援_2024,保守,2024/03/01,2025/02/28,直接（サポート、保守）,PS,
203CS0001-06,SI保_NTTAT_モバイルワーク環境整備支援_2025,保守,2025/03/01,2026/02/28,直接（サポート、保守）,PS,
203CS0004-01,SI保_獨協医科大_Shibboleth認証保守_2023,保守,2023/03/01,2025/02/28,直接（サポート、保守）,PS,
203CS0004-02,SI保_獨協医科大_Shibboleth認証保守_2503-3002,保守,2025/03/01,2030/02/28,直接（サポート、保守）,PS,
203CS0010-05,兼松エレクトロニクス_OSSよろず_2404-2503,保守,2024/04/01,2025/03/31,直接（サポート、保守）,PS,
204EN0004-05,SI保_自治医科大学_統合ID管理システム_2404-2503,保守,2024/04/01,2025/03/31,直接（サポート、保守）,PS,
204EN0004-06,SI保_自治医科大学_統合ID管理システム_2504-2603,保守,2025/04/01,2026/03/31,直接（サポート、保守）,PS,
204EN0011-01,【共通費】技術CoE,共通費,2023/04/01,2033/03/31,共通費,,
204EN0012-01,【有給】技術CoE　2023年4月以降,共通費,2023/04/01,2033/03/31,共通費,,
204EN0014-01,【販売支援】LK,社内PJ,2023/04/01,2026/03/31,販売支援費,BC&CS,
204EN0015-01,【販売支援】LK_DBV,社内PJ,2023/04/01,2026/03/31,販売支援費,BC&CS,
204EN0016-01,【販売支援】LK_IHSV,社内PJ,2023/04/01,2026/03/31,販売支援費,BC&CS,
204EN0017-01,【販売支援】LINBIT_CL,社内PJ,2023/04/01,2026/03/31,販売支援費,BC&CS,
204EN0018-01,【販売支援】LINBIT_DBV,社内PJ,2023/04/01,2026/03/31,販売支援費,BC&CS,
204EN0019-01,【販売支援】LINBIT_IHSV,社内PJ,2023/04/01,2026/03/31,販売支援費,BC&CS,
204EN0020-01,【販売促進】LK_Doc,社内PJ,2023/04/01,2026/03/31,販売促進費,BC&CS,
204EN0021-01,【販売促進】LK,社内PJ,2023/04/01,2026/03/31,販売促進費,BC&CS,
204EN0022-01,【販売促進】LK_DBV,社内PJ,2023/04/01,2026/03/31,販売促進費,BC&CS,
204EN0023-01,【販売促進】LK_IHSV,社内PJ,2023/04/01,2026/03/31,販売促進費,BC&CS,
204EN0024-01,【販売促進】LK_CX,社内PJ,2023/04/01,2026/03/31,販売促進費,BC&CS,
204EN0025-01,【販売促進】LK_PM,社内PJ,2023/04/01,2026/03/31,販売促進費,BC&CS,
204EN0026-01,【販売促進】LINBIT_CL,社内PJ,2023/04/01,2026/03/31,販売促進費,BC&CS,
204EN0027-01,【販売促進】LINBIT_DBV,社内PJ,2023/04/01,2026/03/31,販売促進費,BC&CS,
204EN0028-01,【販売促進】LINBIT_IHSV,社内PJ,2023/04/01,2026/03/31,販売促進費,BC&CS,
204EN0029-01,【製品】LK_Doc,社内PJ,2023/04/01,2031/12/31,直接（製品エンハンス）,BC&CS,
204EN0030-01,【製品】LK_QA,社内PJ,2023/04/01,2031/12/31,直接（製品エンハンス）,BC&CS,
204EN0031-01,【製品】LK_UIUX,社内PJ,2023/04/01,2031/12/31,直接（製品エンハンス）,BC&CS,
204EN0032-01,【ｻﾎﾟｰﾄ】LKL3L4サポート,社内PJ,2023/04/01,2031/12/31,直接（サポート、保守）,BC&CS,
204EN0033-01,【調査検証】LK_CL,社内PJ,2023/04/01,2026/03/31,調査検証費,BC&CS,
204EN0034-01,【調査検証】LK_DBV,社内PJ,2023/04/01,2026/03/31,調査検証費,BC&CS,
204EN0035-01,【調査検証】LK_IHSV,社内PJ,2023/04/01,2026/03/31,調査検証費,BC&CS,
204EN0036-01,【製品】LINBIT_Doc,社内PJ,2023/04/01,2031/12/31,直接（製品エンハンス）,BC&CS,
204EN0037-01,SI保_大阪経済大学_システム保守_2023,保守,2023/04/01,2025/03/31,直接（サポート、保守）,PS,
204EN0037-02,SI保_大阪経済大学_システム保守_2504-3003,保守,2025/04/01,2030/03/31,直接（サポート、保守）,PS,
204EN0048-01,サイオス_デザインプロジェクト支援,工数請負,2023/04/01,2031/12/31,大区分販管費共通,コーポレートサポート,
204EN0049-01,サイオス_Web作業支援,工数請負,2023/04/01,2031/12/31,大区分販管費共通,コーポレートサポート,
204EN1001-01,【大区分共通】BC,社内PJ,2023/04/01,2033/03/31,直接（大区分共通）,BC&CS,
204EN1002-01,【大区分共通】IS,社内PJ,2023/04/01,2033/03/31,直接（大区分共通）,DX,
204EN1003-01,【大区分共通】PS,社内PJ,2023/04/01,2033/03/31,直接（大区分共通）,PS,
204EN1004-01,【大区分共通】SIOSApps,社内PJ,2023/04/01,2033/03/31,直接（大区分共通）,SIOS Apps,
204EN1007-01,【大区分共通】RH,社内PJ,2023/04/01,2033/03/31,直接（大区分共通）,DX,
204EN1008-01,【大区分共通】エシカル事業部,社内PJ,2023/04/01,2033/03/31,直接（大区分共通）,OC,
204EN1009-01,【大区分共通】コンテナP,社内PJ,2023/04/01,2031/12/31,直接（大区分共通）,PS,
204EN1011-01,【販売支援】STCサポート,社内PJ,2023/04/01,2026/03/31,販売支援費,BC&CS,
204EN1012-01,【販売支援】LK24/365保守,社内PJ,2023/04/01,2026/03/31,販売支援費,BC&CS,
204EN1013-01,【販売支援】LK保守,社内PJ,2023/04/01,2026/03/31,販売支援費,BC&CS,
204EN1014-01,【販売支援】DK保守,社内PJ,2023/04/01,2026/03/31,販売支援費,BC&CS,
204EN1015-01,【販売支援】SSP保守,社内PJ,2023/04/01,2026/03/31,販売支援費,BC&CS,
204EN1016-01,【販売支援】LK-Sub,社内PJ,2023/04/01,2026/03/31,販売支援費,BC&CS,
204EN1017-01,【販売支援】LKｻｰﾋﾞｽ,社内PJ,2023/04/01,2026/03/31,販売支援費,BC&CS,
204EN1018-01,【販売支援】LK教育,社内PJ,2023/04/01,2026/03/31,販売支援費,BC&CS,
204EN1022-01,【販売支援】LK,社内PJ,2023/04/01,2026/03/31,販売支援費,BC&CS,
204EN1023-01,【販売支援】DK,社内PJ,2023/04/01,2026/03/31,販売支援費,BC&CS,
204EN1024-01,【販売支援】SSP,社内PJ,2023/04/01,2026/03/31,販売支援費,BC&CS,
204EN1025-01,【販売支援】STC開発,社内PJ,2023/04/01,2026/03/31,販売支援費,BC&CS,
204EN1026-01,【販売支援】BC_小,社内PJ,2023/04/01,2033/03/31,販売支援費,BC&CS,
204EN1027-01,【販売支援】LINBIT新規,社内PJ,2023/04/01,2026/03/31,販売支援費,BC&CS,
204EN1028-01,【販売支援】LINBIT更新,社内PJ,2023/04/01,2026/03/31,販売支援費,BC&CS,
204EN1029-01,【販売支援】LINBIT個別サポート,社内PJ,2023/04/01,2026/03/31,販売支援費,BC&CS,
204EN1030-01,【販売支援】LINBITサービス,社内PJ,2023/04/01,2026/03/31,販売支援費,BC&CS,
204EN1031-01,【販売支援】LINBIT教育,社内PJ,2023/04/01,2026/03/31,販売支援費,BC&CS,
204EN1032-01,【販売支援】LINBITその他,社内PJ,2023/04/01,2026/03/31,販売支援費,BC&CS,
204EN1033-01,【販売支援】Bacula新規,社内PJ,2023/04/01,2026/03/31,販売支援費,BC&CS,
204EN1034-01,【販売支援】Bacula更新,社内PJ,2023/04/01,2026/03/31,販売支援費,BC&CS,
204EN1035-01,【販売支援】Baculaサービス,社内PJ,2023/04/01,2026/03/31,販売支援費,BC&CS,
204EN1036-01,【販売支援】Baculaその他,社内PJ,2023/04/01,2026/03/31,販売支援費,BC&CS,
204EN1037-01,【販売支援】物販,社内PJ,2023/04/01,2026/03/31,販売支援費,BC&CS,
204EN1038-01,【販売支援】みはりなっくす,社内PJ,2023/04/01,2026/03/31,販売支援費,BC&CS,
204EN1039-01,【販売支援】ソリトンロイヤリティ,社内PJ,2023/04/01,2026/03/31,販売支援費,BC&CS,
204EN1040-01,【販売支援】その他,社内PJ,2023/04/01,2026/03/31,販売支援費,BC&CS,
204EN1048-01,【販売支援】Nginx,社内PJ,2023/04/01,2026/03/31,販売支援費,DX,
204EN1049-01,【販売支援】Nginxｻｰﾋﾞｽ,社内PJ,2023/04/01,2026/03/31,販売支援費,DX,
204EN1050-01,【販売支援】DA新規,社内PJ,2023/04/01,2026/03/31,販売支援費,DX,
204EN1051-01,【販売支援】DA更新,社内PJ,2023/04/01,2026/03/31,販売支援費,DX,
204EN1052-01,【販売支援】IS_小,社内PJ,2023/04/01,2033/03/31,販売支援費,DX,
204EN1055-01,【販売支援】EDB新規,社内PJ,2023/04/01,2026/03/31,販売支援費,DX,
204EN1058-01,【販売支援】EDB更新,社内PJ,2023/04/01,2026/03/31,販売支援費,DX,
204EN1059-01,【販売支援】EDBｻｰﾋﾞｽ,社内PJ,2023/04/01,2026/03/31,販売支援費,DX,
204EN1062-01,【販売支援】EDBその他仕入,社内PJ,2023/04/01,2026/03/31,販売支援費,DX,
204EN1065-01,【販売支援】データ分析基盤導入,社内PJ,2023/04/01,2026/03/31,販売支援費,PS,
204EN1067-01,【販売支援】データ分析基盤運用,社内PJ,2023/04/01,2026/03/31,販売支援費,PS,
204EN1068-01,【販売支援】常駐型技術支援,社内PJ,2023/04/01,2026/03/31,販売支援費,PS,
204EN1069-01,【販売支援】受託開発,社内PJ,2023/04/01,2026/03/31,販売支援費,PS,
204EN1070-01,【販売支援】受託開発保守,社内PJ,2023/04/01,2026/03/31,販売支援費,PS,
204EN1073-01,【販売支援】APIｺﾝｻﾙ,社内PJ,2023/04/01,2026/03/31,販売支援費,APIソリューション,
204EN1074-01,【販売支援】API保守ｻﾎﾟｰﾄ,社内PJ,2023/04/01,2026/03/31,販売支援費,APIソリューション,
204EN1080-01,【販売支援】ｲﾝﾌﾗ導入保守,社内PJ,2023/04/01,2026/03/31,販売支援費,PS,
204EN1082-01,【販売支援】ｲﾝﾌﾗ導入,社内PJ,2023/04/01,2026/03/31,販売支援費,PS,
204EN1085-01,【販売支援】PS_小,社内PJ,2023/04/01,2033/03/31,販売支援費,PS,
204EN1099-01,【販売支援】SIOSApps_小,社内PJ,2023/04/01,2033/03/31,販売支援費,SIOS Apps,
204EN1100-01,【販売支援】AppKeeper,社内PJ,2023/04/01,2026/03/31,販売支援費,BC&CS,
204EN1107-01,【販売支援】JBossｻｰﾋﾞｽ,社内PJ,2023/04/01,2026/03/31,販売支援費,DX,
204EN1108-01,【販売支援】RH_小,社内PJ,2023/04/01,2033/03/31,販売支援費,DX,
204EN1109-01,【販売支援】JBoss更新,社内PJ,2023/04/01,2026/03/31,販売支援費,DX,
204EN1110-01,【販売支援】RH新規,社内PJ,2023/04/01,2026/03/31,販売支援費,DX,
204EN1111-01,【販売支援】RH更新,社内PJ,2023/04/01,2026/03/31,販売支援費,DX,
204EN1112-01,【販売支援】JBoss新規,社内PJ,2023/04/01,2026/03/31,販売支援費,DX,
204EN1113-01,【販売支援】RHCE,社内PJ,2023/04/01,2026/03/31,販売支援費,DX,
204EN1114-01,【販売支援】Non-RHEL新規,社内PJ,2023/04/01,2026/03/31,販売支援費,DX,
204EN1115-01,【販売支援】Non-RHEL更新,社内PJ,2023/04/01,2026/03/31,販売支援費,DX,
204EN1116-01,【販売支援】RH_CCSP,社内PJ,2023/04/01,2026/03/31,販売支援費,DX,
204EN1118-01,【販売支援】EC_小,社内PJ,2023/04/01,2033/03/31,販売支援費,OC,
204EN1119-01,【販売支援】コンテナ・サービス,社内PJ,2023/04/01,2026/03/31,販売支援費,PS,
204EN1121-01,【販売支援】コンテナP_小,社内PJ,2023/04/01,2033/03/31,販売支援費,PS,
204EN1123-01,【販売促進】STCサポート,社内PJ,2023/04/01,2026/03/31,販売促進費,BC&CS,
204EN1124-01,【販売促進】LK24/365保守,社内PJ,2023/04/01,2026/03/31,販売促進費,BC&CS,
204EN1125-01,【販売促進】LK保守,社内PJ,2023/04/01,2026/03/31,販売促進費,BC&CS,
204EN1126-01,【販売促進】DK保守,社内PJ,2023/04/01,2026/03/31,販売促進費,BC&CS,
204EN1127-01,【販売促進】SSP保守,社内PJ,2023/04/01,2026/03/31,販売促進費,BC&CS,
204EN1128-01,【販売促進】LK-Sub,社内PJ,2023/04/01,2026/03/31,販売促進費,BC&CS,
204EN1129-01,【販売促進】LKｻｰﾋﾞｽ,社内PJ,2023/04/01,2026/03/31,販売促進費,BC&CS,
204EN1130-01,【販売促進】LK教育,社内PJ,2023/04/01,2026/03/31,販売促進費,BC&CS,
204EN1134-01,【販売促進】LK,社内PJ,2023/04/01,2026/03/31,販売促進費,BC&CS,
204EN1135-01,【販売促進】DK,社内PJ,2023/04/01,2026/03/31,販売促進費,BC&CS,
204EN1136-01,【販売促進】SSP,社内PJ,2023/04/01,2026/03/31,販売促進費,BC&CS,
204EN1137-01,【販売促進】STC開発,社内PJ,2023/04/01,2026/03/31,販売促進費,BC&CS,
204EN1138-01,【販売促進】BC_小,社内PJ,2023/04/01,2033/03/31,販売促進費,BC&CS,
204EN1139-01,【販売促進】LINBIT新規,社内PJ,2023/04/01,2026/03/31,販売促進費,BC&CS,
204EN1140-01,【販売促進】LINBIT更新,社内PJ,2023/04/01,2026/03/31,販売促進費,BC&CS,
204EN1141-01,【販売促進】LINBIT個別サポート,社内PJ,2023/04/01,2026/03/31,販売促進費,BC&CS,
204EN1142-01,【販売促進】LINBITサービス,社内PJ,2023/04/01,2026/03/31,販売促進費,BC&CS,
204EN1143-01,【販売促進】LINBIT教育,社内PJ,2023/04/01,2026/03/31,販売促進費,BC&CS,
204EN1144-01,【販売促進】LINBITその他,社内PJ,2023/04/01,2026/03/31,販売促進費,BC&CS,
204EN1145-01,【販売促進】Bacula新規,社内PJ,2023/04/01,2026/03/31,販売促進費,BC&CS,
204EN1146-01,【販売促進】Bacula更新,社内PJ,2023/04/01,2026/03/31,販売促進費,BC&CS,
204EN1147-01,【販売促進】Baculaサービス,社内PJ,2023/04/01,2026/03/31,販売促進費,BC&CS,
204EN1148-01,【販売促進】Baculaその他,社内PJ,2023/04/01,2026/03/31,販売促進費,BC&CS,
204EN1149-01,【販売促進】物販,社内PJ,2023/04/01,2026/03/31,販売促進費,BC&CS,
204EN1150-01,【販売促進】みはりなっくす,社内PJ,2023/04/01,2026/03/31,販売促進費,BC&CS,
204EN1151-01,【販売促進】ソリトンロイヤリティ,社内PJ,2023/04/01,2026/03/31,販売促進費,BC&CS,
204EN1152-01,【販売促進】その他,社内PJ,2023/04/01,2026/03/31,販売促進費,BC&CS,
204EN1160-01,【販売促進】Nginx,社内PJ,2023/04/01,2026/03/31,販売促進費,DX,
204EN1161-01,【販売促進】Nginxｻｰﾋﾞｽ,社内PJ,2023/04/01,2026/03/31,販売促進費,DX,
204EN1162-01,【販売促進】DA新規,社内PJ,2023/04/01,2026/03/31,販売促進費,DX,
204EN1163-01,【販売促進】DA更新,社内PJ,2023/04/01,2026/03/31,販売促進費,DX,
204EN1164-01,【販売促進】IS_小,社内PJ,2023/04/01,2033/03/31,販売促進費,DX,
204EN1167-01,【販売促進】EDB新規,社内PJ,2023/04/01,2026/03/31,販売促進費,DX,
204EN1170-01,【販売促進】EDB更新,社内PJ,2023/04/01,2026/03/31,販売促進費,DX,
204EN1171-01,【販売促進】EDBｻｰﾋﾞｽ,社内PJ,2023/04/01,2026/03/31,販売促進費,DX,
204EN1174-01,【販売促進】EDBその他仕入,社内PJ,2023/04/01,2026/03/31,販売促進費,DX,
204EN1177-01,【販売促進】データ分析基盤導入,社内PJ,2023/04/01,2026/03/31,販売促進費,PS,
204EN1179-01,【販売促進】データ分析基盤運用,社内PJ,2023/04/01,2026/03/31,販売促進費,PS,
204EN1181-01,【販売促進】受託開発,社内PJ,2023/04/01,2026/03/31,販売促進費,PS,
204EN1182-01,【販売促進】受託開発保守,社内PJ,2023/04/01,2026/03/31,販売促進費,PS,
204EN1185-01,【販売促進】APIｺﾝｻﾙ,社内PJ,2023/04/01,2026/03/31,販売促進費,APIソリューション,
204EN1186-01,【販売促進】API保守ｻﾎﾟｰﾄ,社内PJ,2023/04/01,2026/03/31,販売促進費,APIソリューション,
204EN1189-01,【販売促進】大塚保守,社内PJ,2023/04/01,2026/03/31,販売促進費,PS,
204EN1191-01,【販売促進】ｼｽﾃﾑ運用,社内PJ,2023/04/01,2026/03/31,販売促進費,PS,
204EN1192-01,【販売促進】ｲﾝﾌﾗ導入保守,社内PJ,2023/04/01,2026/03/31,販売促進費,PS,
204EN1193-01,【販売促進】Azureサービス,社内PJ,2023/04/01,2026/03/31,販売促進費,PS,
204EN1194-01,【販売促進】ｲﾝﾌﾗ導入,社内PJ,2023/04/01,2026/03/31,販売促進費,PS,
204EN1195-01,【販売促進】その他仕入商材,社内PJ,2023/04/01,2026/03/31,販売促進費,PS,
204EN1196-01,【販売促進】SI仕入商材,社内PJ,2023/04/01,2026/03/31,販売促進費,PS,
204EN1197-01,【販売促進】PS_小,社内PJ,2023/04/01,2033/03/31,販売促進費,PS,
204EN1211-01,【販売促進】SIOSApps_小,社内PJ,2023/04/01,2033/03/31,販売促進費,SIOS Apps,
204EN1212-01,【販売促進】AppKeeper,社内PJ,2023/04/01,2026/03/31,販売促進費,BC&CS,
204EN1219-01,【販売促進】JBossｻｰﾋﾞｽ,社内PJ,2023/04/01,2026/03/31,販売促進費,DX,
204EN1220-01,【販売促進】RH_小,社内PJ,2023/04/01,2033/03/31,販売促進費,DX,
204EN1221-01,【販売促進】JBoss更新,社内PJ,2023/04/01,2026/03/31,販売促進費,DX,
204EN1222-01,【販売促進】RH新規,社内PJ,2023/04/01,2026/03/31,販売促進費,DX,
204EN1223-01,【販売促進】RH更新,社内PJ,2023/04/01,2026/03/31,販売促進費,DX,
204EN1224-01,【販売促進】JBoss新規,社内PJ,2023/04/01,2026/03/31,販売促進費,DX,
204EN1226-01,【販売促進】Non-RHEL新規,社内PJ,2023/04/01,2026/03/31,販売促進費,DX,
204EN1227-01,【販売促進】Non-RHEL更新,社内PJ,2023/04/01,2026/03/31,販売促進費,DX,
204EN1228-01,【販売促進】RH_CCSP,社内PJ,2023/04/01,2026/03/31,販売促進費,DX,
204EN1230-01,【販売促進】EC_小,社内PJ,2023/04/01,2033/03/31,販売促進費,OC,
204EN1231-01,【販売促進】コンテナ・サービス,社内PJ,2023/04/01,2026/03/31,販売促進費,PS,
204EN1233-01,【販売促進】コンテナP_小,社内PJ,2023/04/01,2033/03/31,販売促進費,PS,
205EN0006-09,研:LK-TEST-AUTOMATION-2025-1H,社内PJ,2025/01/01,2025/06/30,研究開発費,BC&CS,
205EN0012-05,TIS_サイオスOSSよろず相談室_2406-2505,保守,2024/06/01,2025/05/31,直接（サポート、保守）,PS,
205EN0012-06,TIS_サイオスOSSよろず相談室_2506-2605,保守,2025/06/01,2026/05/31,直接（サポート、保守）,PS,
207EN0001-02,技術CoE R&D（5%）,社内PJ,2023/04/01,2026/03/31,大区分販管費共通,CoE,
207EN0003-02,GHE PJ,社内PJ,2023/10/01,2025/03/31,大区分販管費共通,CoE,
207EN0003-03,GHE PJ,社内PJ,2023/10/04,2025/12/31,大区分販管費共通,CoE,
207EN0006-01,【大区分販管費共通】コーポレートサポート,社内PJ,2023/04/01,2033/03/31,大区分販管費共通,コーポレートサポート,
207EN0007-01,【大区分販管費共通】SIOS_SP,社内PJ,2023/04/01,2033/03/31,大区分販管費共通,サイオス サステナビリティ プロジェクト,
208EN0016-06,日立製作所_OSSよろず_2410-2509,保守,2024/10/01,2025/09/30,直接（サポート、保守）,PS,
209EN0003-05,SI保_立教学院_ID管理_機能の追加と改修_2409-2508,保守,2024/09/01,2025/08/31,直接（サポート、保守）,PS,
209EN0004-05,SI保_立教学院_メールシステム認証_2409-2508,保守,2024/09/01,2025/08/31,直接（サポート、保守）,PS,
209EN0005-01,SI保_札幌学院大_ID統合管理リプレース保守_2310-2509,保守,2023/10/01,2025/09/30,直接（サポート、保守）,PS,
209EN0008-05,SI保_横河技術情報_SICOM2保守_2409-2508,保守,2024/09/01,2025/08/31,直接（サポート、保守）,PS,
209EN0016-01,【大区分販管費共通】DEI,社内PJ,2023/04/01,2033/03/31,大区分販管費共通,,
20AEN0002-05,SI保_佛教大学_LM＋shibboleth_2404-2503,保守,2024/04/01,2025/03/31,直接（サポート、保守）,PS,
20AEN0002-06,SI保_佛教大学_LM＋shibboleth_2504-2603,保守,2025/04/01,2026/03/31,直接（サポート、保守）,PS,
20AEN0003-05,日本システム技術_サイオスOSSよろず相談室_2410-2509,保守,2024/10/01,2025/09/30,直接（サポート、保守）,PS,
20AEN0006-01,【大区分販管費共通】経営戦略,社内PJ,2023/04/01,2033/03/31,大区分販管費共通,経営戦略,
20AEN0007-01,【大区分共通】GL,社内PJ,2023/04/01,2033/03/31,直接（大区分共通）,Gluegent,
20AEN0012-01,GL：BayPOS SES,一括請負,2023/04/01,2031/12/31,直接（請負契約）,Gluegent,
20AEN0022-05,NTTデータ_OSSよろず(スバルプロジェクト)_2412-2511,保守,2024/12/01,2025/11/30,直接（サポート、保守）,PS,
20BEN0008-04,SI保_北海道教育大_クラウドサービス移行保守_2403-2502,保守,2024/03/01,2025/02/28,直接（サポート、保守）,PS,
20BEN0008-05,SI保_北海道教育大_クラウドサービス移行保守_2503-2602,保守,2025/03/01,2026/02/28,直接（サポート、保守）,PS,
20CEN0016-05,富士通_OSSよろず_2501-2601,保守,2025/01/01,2026/01/31,直接（サポート、保守）,PS,
20CEN0025-05,NTTデータ_OSSよろず(NTTデータCCS)_2501-2512,保守,2025/01/01,2025/12/31,直接（サポート、保守）,PS,
20CEN0026-09,研:LKW研究開発,社内PJ,2025/01/01,2025/06/30,研究開発費,,
20CEN0026-10,研:LKW研究開発,社内PJ,2025/07/01,2025/12/31,研究開発費,,
20CEN0034-01,【販売支援】bilink導入,社内PJ,2023/04/01,2026/03/31,販売支援費,APIソリューション,
20CEN0035-01,【販売支援】bilink契約,社内PJ,2023/04/01,2026/03/31,販売支援費,APIソリューション,
20CEN0036-01,【販売支援】OSSよろず契約,社内PJ,2023/04/01,2026/03/31,販売支援費,PS,
20CEN0038-01,【販売促進】bilink導入,社内PJ,2023/04/01,2026/03/31,販売促進費,APIソリューション,
20CEN0040-01,【販売促進】OSSよろず契約,社内PJ,2023/04/01,2026/03/31,販売促進費,PS,
20CEN0041-01,【大区分販管費共通】CoE,社内PJ,2023/04/01,2033/03/31,大区分販管費共通,CoE,
211EN0015-04,SI保_JR西_車両挙動監視装置転送基盤システム保守_2404-2503,保守,2024/04/01,2025/03/31,直接（サポート、保守）,PS,
212EN0018-07,サイオス_情報セキュリティSL技術支援_2410-2509,一括請負,2024/10/01,2025/09/30,直接（準委任契約）,PS,
213EN0003-01,SI保_東京大学_情報用計算機システム保守_2103-2602,保守,2024/03/01,2026/02/27,直接（サポート、保守）,PS,
213EN0010-01,【大区分販管費共通】BC,社内PJ,2023/04/01,2033/03/31,大区分販管費共通,BC&CS,
213EN0011-01,【大区分販管費共通】IS,社内PJ,2023/04/01,2033/03/31,大区分販管費共通,DX,
213EN0012-01,【大区分販管費共通】PS,社内PJ,2023/04/01,2033/03/31,大区分販管費共通,PS,
213EN0013-01,【大区分販管費共通】SIOSApps,社内PJ,2023/04/01,2033/03/31,大区分販管費共通,SIOS Apps,
213EN0014-01,【大区分販管費共通】RH,社内PJ,2023/04/01,2033/03/31,大区分販管費共通,DX,
213EN0015-01,【大区分販管費共通】GL,社内PJ,2023/04/01,2033/03/31,大区分販管費共通,Gluegent,
213EN0016-01,【大区分販管費共通】エシカル事業部,社内PJ,2023/04/01,2033/03/31,大区分販管費共通,OC,
213EN0017-01,【大区分販管費共通】コンテナP,社内PJ,2023/04/01,2026/03/31,大区分販管費共通,PS,
213EN0018-01,【販売支援】GL,社内PJ,2023/04/01,2033/03/31,販売支援費,Gluegent,
213EN0019-01,【販売促進】GL,社内PJ,2023/04/01,2033/03/31,販売促進費,Gluegent,
213EN0022-03,SI保_東北大学_既存システム卒業生対応_2404-2503,保守,2024/04/01,2025/03/31,直接（サポート、保守）,PS,
213EN0022-04,SI保_東北大学_既存システム卒業生対応_2504-2603,保守,2025/04/01,2026/03/31,直接（サポート、保守）,PS,
213EN0031-01,【大区分販管費共通】全社共通,社内PJ,2023/04/01,2033/03/31,大区分販管費共通,CoE,
213EN0034-03,SI保_福岡大学_SAME構築_2404-2503,保守,2024/04/01,2025/03/31,直接（サポート、保守）,PS,
213EN0034-04,SI保_福岡大学_SAME構築_2504-2603,保守,2025/04/01,2026/03/31,直接（サポート、保守）,PS,
213EN0035-03,SI保_大阪教育大学_センターシステムサポート_2403-2502,保守,2024/03/01,2025/02/28,直接（サポート、保守）,PS,
213EN0035-04,SI保_大阪教育大学_センターシステムサポート_2503-2602,保守,2025/03/01,2026/02/28,直接（サポート、保守）,PS,
213EN0038-03,三菱UFJ不動産販売_OSSよろず_2404-2503,保守,2024/04/01,2025/03/31,直接（サポート、保守）,PS,
213EN0038-04,三菱UFJ不動産販売_OSSよろず_2504-2603,保守,2025/04/01,2026/03/31,直接（サポート、保守）,PS,
213EN1003-04,【保守】東海東京FH様_サイト運用（2024年度）,保守,2024/04/01,2025/03/31,直接（サポート、保守）,Financial＆Unique SI,
213EN1003-05,【保守】東海東京FH様_サイト運用（2025年度）,保守,2025/04/01,2026/03/31,直接（サポート、保守）,Financial＆Unique SI,
213EN1008-05,【保守】ポイントサービスＡＳＰ運用（2025年1月～12月）,保守,2025/01/01,2025/12/31,直接（サポート、保守）,Financial＆Unique SI,
213EN1009-20,【保守】東海東京インテリジェンス・ラボ様サーバ運用（2025年）※2025年1月,保守,2025/01/01,2025/01/31,直接（サポート、保守）,Financial＆Unique SI,
213EN1009-21,【保守】東海東京インテリジェンス・ラボ様サーバ運用（2025年）※2025年2月,保守,2025/02/01,2025/02/28,直接（サポート、保守）,Financial＆Unique SI,
213EN1009-22,【保守】東海東京インテリジェンス・ラボ様サーバ運用（2025年）※2025年3月,保守,2025/03/01,2025/03/31,直接（サポート、保守）,Financial＆Unique SI,
213EN1009-23,【保守】東海東京インテリジェンス・ラボ様サーバ運用（2025年）※2025年4月,保守,2025/04/01,2025/04/30,直接（サポート、保守）,Financial＆Unique SI,
213EN1009-24,【保守】東海東京インテリジェンス・ラボ様サーバ運用（2025年）※2025年5月,保守,2025/05/01,2025/05/31,直接（サポート、保守）,Financial＆Unique SI,
213EN1009-25,【保守】東海東京インテリジェンス・ラボ様サーバ運用（2025年）※2025年6月,保守,2025/06/01,2025/06/30,直接（サポート、保守）,Financial＆Unique SI,
213EN1009-26,【保守】東海東京インテリジェンス・ラボ様サーバ運用（2025年）※2025年7月,保守,2025/07/01,2025/07/31,直接（サポート、保守）,Financial＆Unique SI,
213EN1009-27,【保守】東海東京インテリジェンス・ラボ様サーバ運用（2025年）※2025年8月,保守,2025/08/01,2025/08/31,直接（サポート、保守）,Financial＆Unique SI,
213EN1025-03,【保守】コマドリ　ウィリズム（2024年2月から1年契約）,保守,2024/02/01,2025/01/31,直接（サポート、保守）,Financial＆Unique SI,
213EN1041-08,【保守】AHR_ウィリズム　2025年01月-06月（6ヶ月）,保守,2025/01/01,2025/06/30,直接（サポート、保守）,Financial＆Unique SI,
213EN1049-03,【保守】SiteTracker ユーザーサービス,社内PJ,2024/01/01,2031/12/31,直接（サポート、保守）,Financial＆Unique SI,
213EN1050-03,【保守】Matomo(Piwik)サポートサービス,社内PJ,2024/01/01,2031/12/31,直接（サポート、保守）,Financial＆Unique SI,
213EN1051-03,【保守】UIUX：アクセス解析サポート,社内PJ,2024/01/01,2031/12/31,直接（サポート、保守）,Financial＆Unique SI,
213EN1052-03,【保守】FU：Willysm・ストレスチェック運用（2024年）,社内PJ,2024/01/01,2031/12/31,直接（サポート、保守）,Financial＆Unique SI,
213EN1053-01,【調査検証】FU：サービス企画・調査,社内PJ,2023/04/01,2026/03/31,調査検証費,Financial＆Unique SI,
213EN1054-02,【調査検証】UIUX：サービス企画・調査,社内PJ,2023/04/01,2026/03/31,調査検証費,Financial＆Unique SI,
213EN1055-04,【研究開発】YourDesk機能拡張(2025年),社内PJ,2025/01/01,2025/12/31,研究開発費,SIOS Apps,
213EN1057-01,【大区分共通】FU,社内PJ,2023/04/01,2033/03/31,直接（大区分共通）,Financial＆Unique SI,
213EN1058-01,【大区分販管費共通】FU,社内PJ,2023/04/01,2033/03/31,大区分販管費共通,Financial＆Unique SI,
213EN1059-01,【販売支援】FU,社内PJ,2023/04/01,2033/03/31,販売支援費,Financial＆Unique SI,
213EN1060-01,【販売促進】FU,社内PJ,2023/04/01,2033/03/31,販売促進費,Financial＆Unique SI,
213EN1067-01,【販売支援】Willysm,社内PJ,2023/04/01,2033/03/31,販売支援費,Financial＆Unique SI,
213EN1068-02,【販売促進】Willysm,社内PJ,2023/04/01,2033/03/31,販売促進費,Financial＆Unique SI,
213EN1069-01,【販売支援】YourDesk,社内PJ,2023/04/01,2033/03/31,販売支援費,SIOS Apps,
213EN1070-02,【販売促進】YourDesk,社内PJ,2023/04/01,2033/03/31,販売促進費,SIOS Apps,
213EN1101-04,【保守】HP運営（2024年5月～2025年4月）,保守,2024/05/01,2025/04/30,直接（サポート、保守）,Financial＆Unique SI,
213EN1101-05,【保守】HP運営（2025年5月～2026年4月）,保守,2025/05/01,2026/04/30,直接（サポート、保守）,Financial＆Unique SI,
213EN1104-15,【保守】障害サイト用Webサーバ運用（2024年12月～2025年2月）,保守,2024/12/01,2025/02/28,直接（サポート、保守）,Financial＆Unique SI,
213EN1104-16,【保守】障害サイト用Webサーバ運用（2025年3月～5月）,保守,2025/03/01,2025/05/31,直接（サポート、保守）,Financial＆Unique SI,
213EN1104-17,【保守】障害サイト用Webサーバ運用（2025年6月～8月）,保守,2025/06/01,2025/08/31,直接（サポート、保守）,Financial＆Unique SI,
213EN1105-03,【保守】コーポレートサイト保守(2024年3月～2025年2月),保守,2024/03/01,2025/02/28,直接（サポート、保守）,Financial＆Unique SI,
213EN1105-04,【保守】コーポレートサイト保守(2025年3月～2026年2月),保守,2025/03/01,2026/02/28,直接（サポート、保守）,Financial＆Unique SI,
213EN1106-03,（2024年度）株式会社ニッセイ基礎研究所コーポレートサイト維持管理業務,一括請負,2024/04/01,2025/03/31,直接（準委任契約）,Financial＆Unique SI,
213EN1106-04,（2025年度）株式会社ニッセイ基礎研究所コーポレートサイト維持管理業務,一括請負,2025/04/01,2026/03/31,直接（準委任契約）,Financial＆Unique SI,
213EN1107-07,【保守】TOKAI TOKYO ResearchWEBサイト運用（2024年10月～2025年1月）,保守,2024/10/01,2025/01/31,直接（サポート、保守）,Financial＆Unique SI,
213EN1107-08,【保守】TOKAI TOKYO ResearchWEBサイト運用（2025年2月～6月）,保守,2025/02/01,2025/06/30,直接（サポート、保守）,Financial＆Unique SI,
213EN1107-09,【保守】TOKAI TOKYO ResearchWEBサイト運用（2025年7月～12月）,保守,2025/07/01,2025/12/31,直接（サポート、保守）,Financial＆Unique SI,
213EN1109-07,【保守】専有部改修工事システム運用保守（202410-202503）,保守,2024/10/01,2025/03/31,直接（サポート、保守）,Financial＆Unique SI,
213EN1109-08,【保守】専有部改修工事システム運用保守（202504-202509）,保守,2025/04/01,2025/09/30,直接（サポート、保守）,Financial＆Unique SI,
213EN1112-03,【保守】三浦市社会福祉協議会_ウィリズム 2024年4月-2025年3月,保守,2024/04/01,2025/03/31,直接（サポート、保守）,Financial＆Unique SI,
213EN1115-03,【保守】住宅ストック維持・向上促進事業サイト維持業務（2024年4月～2025年3月）,保守,2024/04/01,2025/03/31,直接（サポート、保守）,Financial＆Unique SI,
213EN1115-04,【保守】住宅ストック維持・向上促進事業サイト維持業務（2025年4月～2026年3月）,保守,2025/04/01,2026/03/31,直接（サポート、保守）,Financial＆Unique SI,
213EN1132-01,【保守】YourDesk運用,社内PJ,2022/01/01,2031/12/31,直接（サポート、保守）,SIOS Apps,
214EN0008-03,SI保_京大_多要素認証システム保守_2404-2503,保守,2024/04/01,2025/03/31,直接（サポート、保守）,PS,
214EN0008-04,SI保_京大_多要素認証システム保守_2504-2603,保守,2025/04/01,2026/03/31,直接（サポート、保守）,PS,
214EN0014-01,SI保_駒澤大学_システム保守_2409-2608,保守,2024/09/01,2026/08/31,直接（サポート、保守）,PS,
214EN0021-15,G3AMシステム保守業務（202501-202503）,一括請負,2025/01/01,2025/03/31,直接（準委任契約）,Financial＆Unique SI,
214EN0021-16,G3AMシステム保守業務（202504-202506）,一括請負,2025/04/01,2025/06/30,直接（準委任契約）,Financial＆Unique SI,
214EN0021-17,G3AMシステム保守業務（202507-202509）,一括請負,2025/07/01,2025/09/30,直接（準委任契約）,Financial＆Unique SI,
214EN0022-07,【保守】三景様「レーベルWEB発注システム　保守（202410-202503）」,保守,2024/10/01,2025/03/31,直接（サポート、保守）,Financial＆Unique SI,
214EN0022-08,【保守】三景様「レーベルWEB発注システム　保守（202504-202509）」,保守,2025/04/01,2025/09/30,直接（サポート、保守）,Financial＆Unique SI,
214EN0051-04,【保守】インフラ運用監視業務サポート（2024年10月～2025年03月）,保守,2024/10/01,2025/03/31,直接（サポート、保守）,Financial＆Unique SI,
214EN0051-05,【保守】インフラ運用監視業務サポート（2025年04月～2025年09月）,保守,2025/04/01,2025/09/30,直接（サポート、保守）,Financial＆Unique SI,
214EN0052-01,【大区分共通】ProfitCube,社内PJ,2023/04/01,2033/03/31,直接（大区分共通）,Profit Cube,
214EN0054-01,【大区分販管費共通】ProfitCube,社内PJ,2023/04/01,2033/03/31,大区分販管費共通,Profit Cube,
214EN0056-01,【販売支援】ProfitCube,社内PJ,2023/04/01,2033/03/31,販売支援費,Profit Cube,
214EN0057-01,【販売支援】Fintech,社内PJ,2023/04/01,2033/03/31,販売支援費,Fintech,
214EN0058-01,【販売促進】ProfitCube,社内PJ,2023/04/01,2033/03/31,販売促進費,Profit Cube,
214EN0059-01,【販売促進】Fintech,社内PJ,2023/04/01,2033/03/31,販売促進費,Fintech,
214EN0065-03,NTTコムウェア_OSSよろず(次期ビリングＰＦ)_2405-2504,保守,2024/05/01,2025/04/30,直接（サポート、保守）,PS,
214EN0065-04,NTTコムウェア_OSSよろず(次期ビリングＰＦ)_2505-2604,保守,2025/05/01,2026/04/30,直接（サポート、保守）,PS,
214EN0069-04,【大区分販管費共通】STIコーポレートサイト運営（2025年01月-2025年12月）,社内PJ,2025/01/01,2025/12/31,大区分販管費共通,Financial＆Unique SI,
216EN0011-01,【大区分販管費共通】IT支援ロール,社内PJ,2023/04/01,2026/03/31,大区分販管費共通,CoE,
216EN0019-01,【大区分共通】CIM,社内PJ,2023/04/01,2033/03/31,直接（大区分共通）,Cloud Identity Management,
216EN0020-01,【大区分販管費共通】CIM,社内PJ,2023/04/01,2033/03/31,大区分販管費共通,Cloud Identity Management,
216EN0022-01,【販売支援】OTSG,社内PJ,2023/04/01,2033/03/31,販売支援費,Cloud Identity Management,
216EN0023-01,【販売促進】OTSG,社内PJ,2023/04/01,2033/03/31,販売促進費,Cloud Identity Management,
216EN0039-03,【保守】JRHシステム_AMシステム保守（202407-202506）,保守,2024/07/01,2025/06/30,直接（サポート、保守）,Financial＆Unique SI,
216EN0039-04,【保守】JRHシステム_AMシステム保守（202507-202606）,保守,2025/07/01,2026/06/30,直接（サポート、保守）,Financial＆Unique SI,
216EN0041-07,【保守】AHR_ウィリズム　2024年12月－2025年05月（6ヶ月） トレンドマイクロ様,保守,2024/12/01,2025/05/31,直接（サポート、保守）,Financial＆Unique SI,
216EN0047-03,SI保_兵庫医科大学_Gmail構築保守_2404-2503,保守,2024/04/01,2025/03/31,直接（サポート、保守）,PS,
216EN0047-04,SI保_兵庫医科大学_Gmail構築保守_2504-2603,保守,2025/04/01,2026/03/31,直接（サポート、保守）,PS,
217EN0006-03,SI保_JR西日本_一時データ置き場構築システム保守_2404-2503,保守,2024/04/01,2025/03/31,直接（サポート、保守）,PS,
217EN0006-04,SI保_JR西日本_一時データ置き場構築システム保守_2504-2603,保守,2025/04/01,2026/03/31,直接（サポート、保守）,PS,
218EN0001-01,医療AI研究開発,社内PJ,2023/01/01,2025/12/31,大区分販管費共通,CoE,
218EN0010-03,東芝デジタルソリューションズ_OSSよろず_2409-2508,保守,2024/09/01,2025/08/31,直接（サポート、保守）,PS,
218EN0023-03,【保守】スマホ専業証券コーポレートサイト維持支援業務（2024年9月～2025年8月）,保守,2024/09/01,2025/08/31,直接（サポート、保守）,Financial＆Unique SI,
218EN0023-04,【保守】スマホ専業証券コーポレートサイト維持支援業務（2024年9月～2025年8月）,保守,2025/09/01,2026/08/31,直接（サポート、保守）,Financial＆Unique SI,
219EN0006-01,【大区分共通】MedTech,社内PJ,2023/04/01,2033/03/31,直接（大区分共通）,MedTech SL,
219EN0007-01,【大区分販管費共通】MedTech,社内PJ,2023/04/01,2033/03/31,大区分販管費共通,MedTech SL,
219EN0008-01,【販売支援】MedTech,社内PJ,2023/04/01,2033/03/31,販売支援費,MedTech SL,
219EN0009-01,【販売促進】MedTech,社内PJ,2023/04/01,2033/03/31,販売促進費,MedTech SL,
219EN0033-03,【保守】STI担当システム一括保守_2024年10月～,保守,2024/10/01,2025/09/30,直接（サポート、保守）,Financial＆Unique SI,
21AEN0012-03,TIS(オリックス銀行)_OSSよろず_2410-2509,保守,2024/10/01,2025/09/30,直接（サポート、保守）,PS,
21AEN0028-01,【販売促進】SA_DX,社内PJ,2023/04/01,2033/03/31,販売促進費,SIOS Apps,
21AEN0029-03,SI保_東京理科大学_SSO製品保守2411-2510,保守,2024/11/01,2025/10/31,直接（サポート、保守）,PS,
21AEN0030-03,SI保_東京理科大学_SSOシステム保守2411-2510,保守,2024/11/01,2025/10/31,直接（サポート、保守）,PS,
21AEN0033-01,【販売支援】SA_DX,社内PJ,2023/04/01,2033/03/31,販売支援費,SIOS Apps,
21AEN0038-03,SI保_神戸学院大学_SSOシステム保守_2410-2509,保守,2024/10/01,2025/09/30,直接（サポート、保守）,PS,
21AEN0039-03,エス・アンド・アイ_OSSよろず_2408-2507,保守,2024/08/01,2025/07/31,直接（サポート、保守）,PS,
21BEN0012-06,G3AMシステム保守にかかる技術支援（202411-202504）髙橋,一括請負,2024/11/01,2025/04/30,直接（準委任契約）,Financial＆Unique SI,
21BEN0012-07,G3AMシステム保守にかかる技術支援（202505-202510）髙橋,一括請負,2025/05/01,2025/10/31,直接（準委任契約）,Financial＆Unique SI,
21BEN0018-01,【サポート】MedTechサポート,社内PJ,2023/04/01,2031/12/31,直接（サポート、保守）,MedTech SL,
21BEN0032-03,SI保_ネットワールド_システム保守サービス_2409-2508,保守,2024/09/01,2025/08/31,直接（サポート、保守）,PS,
21CEN0017-03,【保守】ミシュランサイト運用業務アウトソーシング(2025/01～2025/12),保守,2025/01/01,2025/12/31,直接（サポート、保守）,Financial＆Unique SI,
21CEN0021-01,【調査検証】APIｺﾝｻﾙ,社内PJ,2023/04/01,2026/03/31,調査検証費,APIソリューション,
221EN0020-12,【保守】あんしん修理サポート管理システム保守_Azure環境保守　2025年1月～2025年3月,保守,2025/01/01,2025/03/31,直接（サポート、保守）,Financial＆Unique SI,
221EN0020-13,【保守】あんしん修理サポート管理システム保守_Azure環境保守　2025年4月～2025年6月,保守,2025/04/01,2025/06/30,直接（サポート、保守）,Financial＆Unique SI,
221EN0020-14,【保守】あんしん修理サポート管理システム保守_Azure環境保守　2025年7月～2025年9月,保守,2025/07/01,2025/09/30,直接（サポート、保守）,Financial＆Unique SI,
222EN0001-01,【販売支援】CIM,社内PJ,2023/04/01,2033/03/31,販売支援費,Cloud Identity Management,
222EN0002-01,【販売促進】CIM,社内PJ,2023/04/01,2033/03/31,販売促進費,Cloud Identity Management,
222EN0013-06,【保守】株式学習ゲーム定常運用保守（2024年4月～2025年3月）,保守,2024/04/01,2025/03/31,直接（サポート、保守）,Financial＆Unique SI,
222EN0013-07,【保守】株式学習ゲーム定常運用保守（2025年4月～2026年3月）,保守,2025/04/01,2026/03/31,直接（サポート、保守）,Financial＆Unique SI,
223EN0003-01,【販売促進】WL-SUB,社内PJ,2023/04/01,2026/03/31,販売促進費,Financial＆Unique SI,
223EN0004-01,【販売促進】YD-SUB,社内PJ,2023/04/01,2026/03/31,販売促進費,SIOS Apps,
223EN0012-33,ファンドビジネス本部業務支援（2024年度）,一括請負,2025/01/01,2025/01/31,直接（準委任契約）,Financial＆Unique SI,
223EN0012-34,ファンドビジネス本部業務支援（2024年度）,一括請負,2025/02/01,2025/02/28,直接（準委任契約）,Financial＆Unique SI,
223EN0012-35,ファンドビジネス本部業務支援（2024年度）,一括請負,2025/03/01,2025/03/31,直接（準委任契約）,Financial＆Unique SI,
223EN0012-36,ファンドビジネス本部業務支援（2025年度）,一括請負,2025/04/01,2025/04/30,直接（準委任契約）,Financial＆Unique SI,
223EN0012-37,ファンドビジネス本部業務支援（2025年度）,一括請負,2025/05/01,2025/05/31,直接（準委任契約）,Financial＆Unique SI,
223EN0012-38,ファンドビジネス本部業務支援（2025年度）,一括請負,2025/06/01,2025/06/30,直接（準委任契約）,Financial＆Unique SI,
223EN0012-39,ファンドビジネス本部業務支援（2025年度）,一括請負,2025/07/01,2025/07/31,直接（準委任契約）,Financial＆Unique SI,
223EN0015-12,CATリプレイス＆Orders_開発保守業務_20241221-0320,一括請負,2024/12/21,2025/03/20,直接（準委任契約）,Financial＆Unique SI,
223EN0015-13,CATリプレイス＆Orders_開発保守業務_20250321-0620,一括請負,2025/03/21,2025/06/20,直接（準委任契約）,Financial＆Unique SI,
223EN0015-14,システム開発＆システム運用支援_20250621-0920,一括請負,2025/06/21,2025/09/20,直接（準委任契約）,Financial＆Unique SI,
223EN0016-12,CATリプレイス_開発_20241221-0320,一括請負,2024/12/21,2025/03/20,直接（準委任契約）,Financial＆Unique SI,
223EN0016-13,CATリプレイス_開発_20250321-0620,一括請負,2025/03/21,2025/06/20,直接（準委任契約）,Financial＆Unique SI,
223EN0018-11,【保守】システム保守業務_20241221-250320,保守,2024/12/21,2025/03/20,直接（サポート、保守）,Financial＆Unique SI,
223EN0018-12,【保守】システム保守業務_20250321-250620,保守,2025/03/21,2025/06/20,直接（サポート、保守）,Financial＆Unique SI,
223EN0018-13,【保守】システム保守業務_20250621-250920,保守,2025/06/21,2025/09/20,直接（サポート、保守）,Financial＆Unique SI,
223EN0020-02,本田技研工業_Kong Konnect OSS年間サポート_2403-2502,保守,2024/03/01,2025/02/28,直接（サポート、保守）,APIソリューション,
223EN0020-03,本田技研工業_Kong Konnect OSS年間サポート_2503-2602,保守,2025/03/01,2026/02/28,直接（サポート、保守）,APIソリューション,
223EN0030-06,派遣会社向けシステム開発案件推進支援_202410-202503,一括請負,2024/10/01,2025/03/31,直接（準委任契約）,Financial＆Unique SI,
223EN0031-05,【保守】Webサイト運用支援（2024年10月～2025年03月）,保守,2024/10/01,2025/04/30,直接（サポート、保守）,Financial＆Unique SI,
223EN0031-06,【保守】Webサイト運用支援（2025年04月～2025年09月）,保守,2025/04/01,2025/10/31,直接（サポート、保守）,Financial＆Unique SI,
223EN0032-05,【保守】サーバ・インフラ保守（2024年10月～2025年03月）,保守,2024/10/01,2025/04/30,直接（サポート、保守）,Financial＆Unique SI,
223EN0032-06,【保守】サーバ・インフラ保守（2025年04月～2025年09月）,保守,2025/04/01,2025/10/31,直接（サポート、保守）,Financial＆Unique SI,
223EN0061-02,SI保_京都産業大学_Teams連携システム保守_2404-2503,保守,2024/04/01,2025/03/31,直接（サポート、保守）,PS,
223EN0061-03,SI保_京都産業大学_Teams連携システム保守_2504-2603,保守,2025/04/01,2026/03/31,直接（サポート、保守）,PS,
224EN0003-01,【大区分共通】原価差異他,社内PJ,2023/04/01,2033/03/31,直接（大区分共通）,原価差異他,
224EN0019-00,【大区分販管費共通】サイト関連：UI(内),社内PJ,2022/04/01,2025/03/31,大区分販管費共通,Financial＆Unique SI,
224EN0020-00,【大区分販管費共通】サイト関連：UI(外),社内PJ,2022/04/01,2025/03/31,大区分販管費共通,Financial＆Unique SI,
224EN0021-00,【大区分販管費共通】サイト関連：HRT,社内PJ,2022/04/01,2025/03/31,大区分販管費共通,Financial＆Unique SI,
224EN0022-03,2025年度ジェネリック医薬品通知用紙デザイン,一括請負,2025/04/03,2025/04/30,直接（準委任契約）,Financial＆Unique SI,
224EN0027-00,SI保_小樽商科大学_認証基盤ｼｽﾃﾑ保守_2204-2503,保守,2022/04/22,2025/03/31,直接（サポート、保守）,PS,
224EN0027-01,SI保_小樽商科大学_認証基盤ｼｽﾃﾑ保守_2504-2703,保守,2025/04/01,2027/03/31,直接（サポート、保守）,PS,
224EN0032-00,【大区分販管費共通】サイト関連：FU,社内PJ,2022/04/01,2031/03/31,大区分販管費共通,Financial＆Unique SI,
224EN0033-00,【大区分販管費共通】サイト関連：PS,社内PJ,2022/04/01,2031/03/31,大区分販管費共通,PS,
224EN0034-00,【大区分販管費共通】サイト関連：CIM,社内PJ,2022/04/01,2031/03/31,大区分販管費共通,Cloud Identity Management,
224EN0035-00,【大区分販管費共通】サイト関連：MedTec,社内PJ,2022/04/01,2031/03/31,大区分販管費共通,MedTech SL,
224EN0038-03,【保守】LIONS QUESTポータルサイト（ランニング費用）2024年7月～2025年6月,保守,2024/07/01,2025/06/30,直接（サポート、保守）,Financial＆Unique SI,
224EN0038-04,【保守】LIONS QUESTポータルサイト（ランニング費用）2025年7月～2026年6月,保守,2025/07/01,2026/06/30,直接（サポート、保守）,Financial＆Unique SI,
224EN0039-00,【大区分販管費共通】サイト関連：RH,社内PJ,2022/04/01,2031/03/31,大区分販管費共通,DX,
224EN0040-00,【大区分販管費共通】サイト関連：IS,社内PJ,2022/04/01,2031/03/31,大区分販管費共通,DX,
224EN0041-00,【大区分販管費共通】サイト関連：BC,社内PJ,2022/04/01,2031/03/31,大区分販管費共通,BC&CS,
224EN0042-00,【大区分販管費共通】サイト関連：SIOSAp,社内PJ,2022/04/01,2031/03/31,大区分販管費共通,SIOS Apps,
224EN0044-00,【大区分販管費共通】サイト関連：エシカル,社内PJ,2022/04/01,2025/03/31,大区分販管費共通,OC,
224EN0045-00,【大区分販管費共通】サイト関連：GL,社内PJ,2022/04/01,2031/03/31,大区分販管費共通,Gluegent,
224EN0046-00,【大区分販管費共通】サイト関連：PC,社内PJ,2022/04/01,2025/03/31,大区分販管費共通,Profit Cube,
224EN0050-02,東京ガスiネット_OSSよろず_2405-2504,保守,2024/05/01,2025/04/30,直接（サポート、保守）,PS,
224EN0050-03,東京ガスiネット_OSSよろず_2505-2604,保守,2025/05/01,2026/04/30,直接（サポート、保守）,PS,
224EN0055-02,スバルITクリエーションズ_サイオスOSSよろず相談室_2405-2504,保守,2024/05/01,2025/04/30,直接（サポート、保守）,,
224EN0055-03,スバルITクリエーションズ_サイオスOSSよろず相談室_2505-2604,保守,2025/05/01,2026/04/30,直接（サポート、保守）,,
225EN0008-00,YD導入設定,社内PJ,2022/05/01,2031/12/31,直接（サポート、保守）,SIOS Apps,
225EN0028-00,SI保_東京海洋大学_LM2Google Workspace連携システム_2206-2505,保守,2022/06/01,2025/05/31,直接（サポート、保守）,PS,
225EN0028-01,SI保_東京海洋大学_LM2Google Workspace連携システム_2506-2612,保守,2025/06/01,2026/12/31,直接（サポート、保守）,PS,
226EN0021-02,【保守】ウルトラよしだくんシステム保守_202407-202506,保守,2024/07/01,2025/02/28,直接（サポート、保守）,Financial＆Unique SI,
226EN0029-13,暗号資産取引所開発支援（2024年12月-2025年1月）,一括請負,2024/12/01,2025/01/31,直接（準委任契約）,Financial＆Unique SI,
226EN0029-14,暗号資産取引所開発支援（2025年1月-3月）,一括請負,2025/01/01,2025/03/31,直接（準委任契約）,Financial＆Unique SI,
226EN0029-15,暗号資産取引所開発支援（2025年1月）,一括請負,2025/01/01,2025/01/31,直接（準委任契約）,Financial＆Unique SI,
226EN0029-16,暗号資産取引所開発支援（2025年2月-2025年3月）,一括請負,2025/02/01,2025/03/31,直接（準委任契約）,Financial＆Unique SI,
226EN0029-17,暗号資産取引所開発支援（2025年2月）,一括請負,2025/02/01,2025/02/28,直接（準委任契約）,Financial＆Unique SI,
226EN0029-18,暗号資産取引所開発支援（2025年3月）,一括請負,2025/03/01,2025/03/31,直接（準委任契約）,Financial＆Unique SI,
226EN0029-19,暗号資産取引所開発支援（2025年4月-6月）,一括請負,2025/04/01,2025/06/30,直接（準委任契約）,Financial＆Unique SI,
226EN0029-20,暗号資産取引所開発支援（2025年7月-9月）,一括請負,2025/07/01,2025/09/30,直接（準委任契約）,Financial＆Unique SI,
226EN0045-09,NP様システム運用保守・開発支援_2025年1月-3月,一括請負,2025/01/01,2025/03/31,直接（準委任契約）,Financial＆Unique SI,
226EN0045-10,NP様システム運用保守・開発支援_2025年4月-9月,一括請負,2025/04/01,2025/09/30,直接（準委任契約）,Financial＆Unique SI,
226EN0046-10,畜生グループシステムの維持管理業務および付随する業務(2025年1月-3月),一括請負,2025/01/01,2025/03/31,直接（準委任契約）,Financial＆Unique SI,
226EN0046-11,畜生グループシステムの維持管理業務および付随する業務(2025年4月-6月),一括請負,2025/04/01,2025/06/30,直接（準委任契約）,Financial＆Unique SI,
226EN0046-12,畜生グループシステムの維持管理業務および付随する業務(2025年7月-9月),一括請負,2025/07/01,2025/09/30,直接（準委任契約）,Financial＆Unique SI,
226EN0047-10,全農畜産生産部・地域別飼料会社関連システムの運用・保守・開発業務支援(2025年1月-3月),一括請負,2025/01/01,2025/03/31,直接（準委任契約）,Financial＆Unique SI,
226EN0047-11,全農畜産生産部・地域別飼料会社関連システムの運用・保守・開発業務支援(2025年4月-6月),一括請負,2025/04/01,2025/06/30,直接（準委任契約）,Financial＆Unique SI,
226EN0047-12,全農畜産生産部・飼料会社関連システムの運用・保守・開発業務支援(2025年7月-9月),一括請負,2025/07/01,2025/09/30,直接（準委任契約）,Financial＆Unique SI,
226EN0048-10,全農チキンフーズ新販売管理システムの運用・保守・開発業務支援(2025年1月-3月),一括請負,2025/01/01,2025/03/31,直接（準委任契約）,Financial＆Unique SI,
226EN0048-11,全農チキンフーズ新販売管理システムの運用・保守・開発業務支援(2025年4月-6月),一括請負,2025/04/01,2025/06/30,直接（準委任契約）,Financial＆Unique SI,
226EN0048-12,全農チキンフーズ新販売管理システムの運用・保守・開発業務支援(2025年7月-9月),一括請負,2025/07/01,2025/09/30,直接（準委任契約）,Financial＆Unique SI,
226EN0051-11,HCCコールセンター業務労働派遣（樫本）_2025年1月-3月,一括請負,2025/01/01,2025/03/31,直接（準委任契約）,Financial＆Unique SI,
226EN0051-12,HCCコールセンター業務労働派遣（樫本）_2025年4月-6月,一括請負,2025/04/01,2025/06/30,直接（準委任契約）,Financial＆Unique SI,
226EN0051-13,HCCコールセンター業務労働派遣（樫本）_2025年7月-9月,一括請負,2025/07/01,2025/09/30,直接（準委任契約）,Financial＆Unique SI,
226EN0052-11,情報処理システム開発業務労働派遣（澁谷）_2025年1月-3月,一括請負,2025/01/01,2025/03/31,直接（準委任契約）,Financial＆Unique SI,
226EN0052-12,情報処理システム開発業務労働派遣（澁谷）_2025年4月-6月,一括請負,2025/04/01,2025/06/30,直接（準委任契約）,Financial＆Unique SI,
226EN0052-13,情報処理システム開発業務労働派遣（澁谷）_2025年7月-9月,一括請負,2025/07/01,2025/09/30,直接（準委任契約）,Financial＆Unique SI,
226EN0055-10,SBI証券様向けUIUX業務支援（2025年1月-3月）,一括請負,2025/01/01,2025/03/31,直接（準委任契約）,Financial＆Unique SI,
226EN0055-11,SBI証券様向けUIUX業務支援（2025年4月-6月）,一括請負,2025/04/01,2025/06/30,直接（準委任契約）,Financial＆Unique SI,
226EN0061-26,業務支援（秋村・吉田・申）202501,一括請負,2025/01/01,2025/01/31,直接（準委任契約）,Financial＆Unique SI,
226EN0061-27,業務支援（秋村・吉田・申）202502,一括請負,2025/02/01,2025/02/28,直接（準委任契約）,Financial＆Unique SI,
226EN0061-28,業務支援（秋村・吉田・申）202503,一括請負,2025/03/01,2025/03/31,直接（準委任契約）,Financial＆Unique SI,
226EN0061-29,業務支援（秋村・吉田・申）202504,一括請負,2025/04/01,2025/04/30,直接（準委任契約）,Financial＆Unique SI,
226EN0061-30,業務支援（秋村・吉田・申）202505,一括請負,2025/05/01,2025/05/31,直接（準委任契約）,Financial＆Unique SI,
226EN0061-31,業務支援（秋村・吉田・申）202506,一括請負,2025/06/01,2025/06/30,直接（準委任契約）,Financial＆Unique SI,
227EN0004-13,ヘルスケアに関わるアプリケーション開発_20241221-0320,一括請負,2024/12/21,2025/03/20,直接（準委任契約）,Financial＆Unique SI,
227EN0004-14,ヘルスケアに関わるアプリケーション開発_20250321-0620,一括請負,2025/03/21,2025/04/20,直接（準委任契約）,Financial＆Unique SI,
227EN0008-01,【販売支援】StormFor,社内PJ,2023/04/01,2033/03/31,販売支援費,DX,
227EN0009-01,【販売促進】StormFor,社内PJ,2023/04/01,2033/03/31,販売促進費,DX,
227EN0020-02,【保守】FU：OurEngage運用(2024年),社内PJ,2024/01/01,2031/12/31,直接（サポート、保守）,Financial＆Unique SI,
228EN0002-01,【販売支援】OurEngage,社内PJ,2023/04/01,2033/03/31,販売支援費,Financial＆Unique SI,
228EN0003-01,【販売促進】OurEngage,社内PJ,2023/04/01,2033/03/31,販売促進費,Financial＆Unique SI,
228EN0019-09,アプリ開発支援（2024年12月-2025年2月）,一括請負,2024/12/01,2025/02/28,直接（準委任契約）,Financial＆Unique SI,
228EN0019-10,アプリ開発支援（2025年3月-5月）,一括請負,2025/03/01,2025/05/31,直接（準委任契約）,Financial＆Unique SI,
228EN0019-11,アプリ開発支援（2025年6月-8月）,一括請負,2025/06/01,2025/08/31,直接（準委任契約）,Financial＆Unique SI,
228EN0037-00,【保守】岡山大学_教育・研究支援情報システム保守,保守,2022/09/01,2025/08/31,直接（サポート、保守）,Financial＆Unique SI,
228EN0037-01,【保守】岡山大学_教育・研究支援情報システム保守（2025年9月～2028年8月）,保守,2025/09/01,2028/08/31,直接（サポート、保守）,Financial＆Unique SI,
228EN0039-00,SI保_岡山大学_教育・研究情報システム保守_2209-2508,保守,2022/09/01,2025/08/31,直接（サポート、保守）,PS,
228EN0039-01,SI保_岡山大学_教育・研究情報システム保守_2509-2808,保守,2025/09/01,2028/08/31,直接（サポート、保守）,PS,
229EN0027-15,全農畜生部ＪＡ－ＦＩＮＥシステムの運用・保守・開発業務支援(2025年1月-3月),一括請負,2025/01/01,2025/03/31,直接（準委任契約）,Financial＆Unique SI,
22AEN0008-02,SI保_住宅金融支援機構_OSS基盤 システム保守サービス_2501-2512,保守,2025/01/01,2025/12/31,直接（サポート、保守）,PS,
22AEN0009-02,TIS(住宅金融支援機構)_OSSよろず_2501-2512,保守,2025/01/01,2025/12/31,直接（サポート、保守）,PS,
22AEN0018-01,【販売支援】Vivaldi_小,社内PJ,2023/04/01,2033/03/31,販売支援費,Profit Cube,
22AEN0019-01,【販売支援】円資金_小,社内PJ,2023/04/01,2033/03/31,販売支援費,Profit Cube,
22AEN0020-01,【販売支援】Fusion_小,社内PJ,2023/04/01,2033/03/31,販売支援費,Profit Cube,
22AEN0021-01,【販売支援】Q＆e-A_小,社内PJ,2023/04/01,2033/03/31,販売支援費,Profit Cube,
22AEN0022-01,【販売支援】PCその他_小,社内PJ,2023/04/01,2033/03/31,販売支援費,Profit Cube,
22AEN0023-01,【販売促進】Vivaldi_小,社内PJ,2023/04/01,2033/03/31,販売促進費,Profit Cube,
22AEN0024-01,【販売促進】円資金_小,社内PJ,2023/04/01,2033/03/31,販売促進費,Profit Cube,
22AEN0025-01,【販売促進】Fusion_小,社内PJ,2023/04/01,2033/03/31,販売促進費,Profit Cube,
22AEN0026-01,【販売促進】Q＆e-A_小,社内PJ,2023/04/01,2033/03/31,販売促進費,Profit Cube,
22AEN0027-01,【販売促進】PCその他_小,社内PJ,2023/04/01,2033/03/31,販売促進費,Profit Cube,
22BEN0008-01,【製品】FAX製品サブスク,社内PJ,2023/04/01,2031/12/31,直接（製品エンハンス）,SIOS Apps,
22CEN0012-04,ファンドラップシステム予備検討（202410-202503）,一括請負,2024/10/01,2025/03/31,直接（準委任契約）,Financial＆Unique SI,
22CEN0012-05,ファンドラップシステム予備検討（202504-202509）,一括請負,2025/04/01,2025/09/30,直接（準委任契約）,Financial＆Unique SI,
22CEN0020-00,サポート：Grafana,社内PJ,2023/01/01,2031/12/31,直接（サポート、保守）,APIソリューション,
22CEN0027-02,NTTデータ_OSSよろず(りそな銀行)_2410-2509,保守,2024/10/01,2025/09/30,直接（サポート、保守）,PS,
231EN0016-01,OurEngage_セーフティネット（2024年02月～2025年01月）,保守,2024/02/01,2025/01/31,直接（サポート、保守）,Financial＆Unique SI,
231EN0018-00,【大区分販管費共通】品質管理Role,社内PJ,2023/01/18,2025/12/31,大区分販管費共通,CoE,
231EN0021-09,MKレストランオーダーメニュー更新_202502-03,一括請負,2025/02/12,2025/03/31,直接（請負契約）,Financial＆Unique SI,
231EN0021-10,MKレストランオーダーメニュー更新_202505,一括請負,2025/05/01,2025/05/31,直接（請負契約）,Financial＆Unique SI,
231EN0021-11,MKレストランオーダーメニュー更新_202506-07,一括請負,2025/06/23,2025/07/31,直接（請負契約）,Financial＆Unique SI,
231EN0027-02,【サービス共通】OTSG保守プロジェクト_2025年,保守,2025/01/01,2025/12/31,直接（サービス共通）,Cloud Identity Management,
233EN0005-01,NTTコムウェア_113SF維持管理でのKONGに関する技術サポート_2404-2503,一括請負,2024/04/01,2025/03/31,直接（請負契約）,APIソリューション,
233EN0005-02,NTTコムウェア_113SF維持管理でのKONGに関する技術サポート_2504-2603,一括請負,2025/04/01,2026/03/31,直接（請負契約）,APIソリューション,
233EN0008-01,SI保_京都文教学園_認証基盤運用ポート_2404-2503,保守,2024/04/01,2025/03/31,直接（サポート、保守）,PS,
233EN0008-02,SI保_京都文教学園_認証基盤運用ポート_2504-2603,保守,2025/04/01,2026/03/31,直接（サポート、保守）,PS,
233EN0012-01,SI保_立命館アジア太平洋大学_APU学認IdP構築保守_2404-2503,保守,2024/04/01,2025/03/31,直接（サポート、保守）,PS,
233EN0012-02,SI保_立命館アジア太平洋大学_APU学認IdP構築保守_2504-2603,保守,2025/04/01,2026/03/31,直接（サポート、保守）,PS,
233EN0020-00,OurEngage_SOMPOﾍﾙｽｻﾎﾟｰﾄ（2023年03月～2028年02月）,保守,2023/03/01,2026/02/28,直接（サポート、保守）,Financial＆Unique SI,
233EN0030-01,横河レンタ・リース_OSSよろず_2404-2503,保守,2024/04/01,2025/03/31,直接（サポート、保守）,PS,
233EN0030-02,横河レンタ・リース_OSSよろず_2504-2603,保守,2025/04/01,2026/03/31,直接（サポート、保守）,PS,
233EN0038-01,SI保_自治医科大学_メールシステム関連保守業務委託_2404-2503,保守,2024/04/01,2025/03/31,直接（サポート、保守）,PS,
233EN0038-02,SI保_自治医科大学_メールシステム関連保守業務委託_2504-2603,保守,2025/04/01,2026/03/31,直接（サポート、保守）,PS,
234EN0002-07,研:LK=GUI研究開発25Q1,社内PJ,2025/01/01,2025/03/31,研究開発費,BC&CS,
234EN0002-08,研:LK=GUI研究開発25Q2,社内PJ,2025/04/01,2025/06/30,研究開発費,BC&CS,
234EN0002-09,研:LK=GUI研究開発25Q3,社内PJ,2025/07/01,2025/09/30,研究開発費,BC&CS,
234EN0005-00,OTSGライセンス,社内PJ,2023/04/03,2031/12/31,直接（製品エンハンス）,Cloud Identity Management,
234EN0006-00,【大区分販管費共通】サイト関連：Apps YourDesk,社内PJ,2023/04/01,2031/03/31,大区分販管費共通,SIOS Apps,
234EN0011-01,SI保_名城大学_Googleアカウント連携サーバ構築_2404-2503,保守,2024/04/01,2025/03/31,直接（サポート、保守）,,
234EN0011-02,SI保_名城大学_Googleアカウント連携サーバ構築_2504-2603,保守,2025/04/01,2026/03/31,直接（サポート、保守）,PS,
234EN1001-00,【大区分共通】YourDesk_小,社内PJ,2023/04/01,2033/03/31,直接（大区分共通）,SIOS Apps,
234EN1002-00,【大区分販管費共通】YourDesk_小,社内PJ,2023/04/01,2033/03/31,大区分販管費共通,SIOS Apps,
234EN1003-00,【販売支援】Non-RHEL_小,社内PJ,2023/04/01,2033/03/31,販売支援費,DX,
234EN1004-00,【販売支援】RH_CCSP_小,社内PJ,2023/04/01,2033/03/31,販売支援費,DX,
234EN1005-00,【販売支援】RHEL_小,社内PJ,2023/04/01,2033/03/31,販売支援費,DX,
234EN1006-00,【販売支援】MFP_小,社内PJ,2023/04/01,2033/03/31,販売支援費,SIOS Apps,
234EN1007-00,【販売支援】開発支援製品_小,社内PJ,2023/04/01,2033/03/31,販売支援費,SIOS Apps,
234EN1008-00,【販売支援】Bacula_小,社内PJ,2023/04/01,2033/03/31,販売支援費,BC&CS,
234EN1009-00,【販売支援】DK_小,社内PJ,2023/04/01,2033/03/31,販売支援費,BC&CS,
234EN1010-00,【販売支援】LINBIT_小,社内PJ,2023/04/01,2033/03/31,販売支援費,BC&CS,
234EN1011-00,【販売支援】LK_小,社内PJ,2023/04/01,2033/03/31,販売支援費,BC&CS,
234EN1012-00,【販売支援】STC_小,社内PJ,2023/04/01,2033/03/31,販売支援費,BC&CS,
234EN1013-00,【販売支援】その他仕入れ販売_小,社内PJ,2023/04/01,2033/03/31,販売支援費,BC&CS,
234EN1014-00,【販売支援】AppKeeper小,社内PJ,2023/04/01,2033/03/31,販売支援費,BC&CS,
234EN1015-00,【販売支援】DA_小,社内PJ,2023/04/01,2033/03/31,販売支援費,DX,
234EN1016-00,【販売支援】EDB_小,社内PJ,2023/04/01,2033/03/31,販売支援費,DX,
234EN1017-00,【販売支援】Nginx_小,社内PJ,2023/04/01,2033/03/31,販売支援費,DX,
234EN1018-00,【販売支援】Novell_小,社内PJ,2023/04/01,2033/03/31,販売支援費,DX,
234EN1019-00,【販売支援】ｱﾌﾟﾘｹｰｼｮﾝ小,社内PJ,2023/04/01,2033/03/31,販売支援費,PS,
234EN1020-00,【販売支援】BigData_小,社内PJ,2023/04/01,2033/03/31,販売支援費,PS,
234EN1021-00,【販売支援】SIｻｰﾋﾞｽ_小,社内PJ,2023/04/01,2033/03/31,販売支援費,PS,
234EN1022-00,【販売支援】大塚TMSC支援_小,社内PJ,2023/04/01,2033/03/31,販売支援費,PS,
234EN1023-00,【販売支援】OSSその他_小,社内PJ,2023/04/01,2033/03/31,販売支援費,PS,
234EN1024-00,【販売支援】OSSよろず_小,社内PJ,2023/04/01,2033/03/31,販売支援費,PS,
234EN1025-00,【販売支援】UIUX_小,社内PJ,2023/04/01,2033/03/31,販売支援費,Financial＆Unique SI,
234EN1026-00,【販売促進】Non-RHEL_小,社内PJ,2023/04/01,2033/03/31,販売促進費,DX,
234EN1027-00,【販売促進】RH_CCSP_小,社内PJ,2023/04/01,2033/03/31,販売促進費,DX,
234EN1028-00,【販売促進】RHEL_小,社内PJ,2023/04/01,2033/03/31,販売促進費,DX,
234EN1029-00,【販売促進】MFP_小,社内PJ,2023/04/01,2033/03/31,販売促進費,SIOS Apps,
234EN1030-00,【販売促進】開発支援製品_小,社内PJ,2023/04/01,2033/03/31,販売促進費,SIOS Apps,
234EN1031-00,【販売促進】Bacula_小,社内PJ,2023/04/01,2033/03/31,販売促進費,BC&CS,
234EN1032-00,【販売促進】DK_小,社内PJ,2023/04/01,2033/03/31,販売促進費,BC&CS,
234EN1033-00,【販売促進】LINBIT_小,社内PJ,2023/04/01,2033/03/31,販売促進費,BC&CS,
234EN1034-00,【販売促進】LK_小,社内PJ,2023/04/01,2033/03/31,販売促進費,BC&CS,
234EN1035-00,【販売促進】STC_小,社内PJ,2023/04/01,2033/03/31,販売促進費,BC&CS,
234EN1036-00,【販売促進】その他仕入れ販売_小,社内PJ,2023/04/01,2033/03/31,販売促進費,BC&CS,
234EN1037-00,【販売促進】AppKeeper小,社内PJ,2023/04/01,2033/03/31,販売促進費,BC&CS,
234EN1038-00,【販売促進】DA_小,社内PJ,2023/04/01,2033/03/31,販売促進費,DX,
234EN1039-00,【販売促進】EDB_小,社内PJ,2023/04/01,2033/03/31,販売促進費,DX,
234EN1040-00,【販売促進】Nginx_小,社内PJ,2023/04/01,2033/03/31,販売促進費,DX,
234EN1041-00,【販売促進】Novell_小,社内PJ,2023/04/01,2033/03/31,販売促進費,DX,
234EN1042-00,【販売促進】ｱﾌﾟﾘｹｰｼｮﾝ小,社内PJ,2023/04/01,2033/03/31,販売促進費,PS,
234EN1043-00,【販売促進】BigData_小,社内PJ,2023/04/01,2033/03/31,販売促進費,PS,
234EN1044-00,【販売促進】SIｻｰﾋﾞｽ_小,社内PJ,2023/04/01,2033/03/31,販売促進費,PS,
234EN1045-00,【販売促進】大塚TMSC支援_小,社内PJ,2023/04/01,2033/03/31,販売促進費,PS,
234EN1046-00,【販売促進】OSSその他_小,社内PJ,2023/04/01,2033/03/31,販売促進費,PS,
234EN1047-00,【販売促進】OSSよろず_小,社内PJ,2023/04/01,2033/03/31,販売促進費,PS,
234EN1048-00,【販売促進】UIUX_小,社内PJ,2023/04/01,2033/03/31,販売促進費,Financial＆Unique SI,
235EN0012-00,NEC(中央省庁)_OSSよろず_2312-2803,保守,2023/12/01,2026/11/30,直接（サポート、保守）,PS,
236EN0004-01,日立システムズ_サイオスOSSよろず相談室_2406-2505,保守,2024/06/01,2025/05/31,直接（サポート、保守）,,
236EN0004-02,日立システムズ_サイオスOSSよろず相談室_2506-2605,保守,2025/06/01,2026/05/31,直接（サポート、保守）,,
236EN0016-00,SI保_PSSL_高知大学_総合情報システム保守_2309-2608,保守,2023/09/01,2026/08/31,直接（サポート、保守）,PS,
236EN0019-00,【保守】高知大学 総合情報システム保守,保守,2023/09/01,2026/08/31,直接（サポート、保守）,Financial＆Unique SI,
236EN0023-03,ZTV_Grafana OSS技術サポート_2501-2506,保守,2025/01/01,2025/06/30,直接（サポート、保守）,APIソリューション,
236EN0023-04,ZTV_Grafana OSS技術サポート_2506-2512,保守,2025/06/16,2025/12/15,直接（サポート、保守）,APIソリューション,
236EN0026-01,SI保_順天堂大学_Integration for G Suite構築 保守_2404-2503,保守,2024/04/01,2025/03/31,直接（サポート、保守）,PS,
236EN0027-02,笹川平和財団_SSL証明書取得、及び設定作業（2025年）,一括請負,2025/07/01,2025/07/31,直接（請負契約）,Financial＆Unique SI,
236EN0028-09,会社会計システム（JA全農たまごアドオン機能）開発支援業務,一括請負,2025/01/01,2025/02/28,直接（準委任契約）,Financial＆Unique SI,
236EN0028-10,会計システム　開発・テスト支援作業（2025年5月-7月）,一括請負,2025/05/19,2025/07/31,直接（準委任契約）,Financial＆Unique SI,
237EN0020-00,【調査検証】MedTech,社内PJ,2023/08/01,2026/03/31,調査検証費,MedTech SL,
237EN0023-06,販売管理システムの維持管理作業支援業務(2025年1月-3月),一括請負,2025/01/01,2025/03/31,直接（準委任契約）,Financial＆Unique SI,
237EN0023-07,販売管理システムの維持管理作業支援業務(2025年4月-6月),一括請負,2025/04/01,2025/06/30,直接（準委任契約）,Financial＆Unique SI,
237EN0023-08,販売管理システムの維持管理作業支援業務(2025年7月-9月),一括請負,2025/07/01,2025/09/30,直接（準委任契約）,Financial＆Unique SI,
238EN0001-01,日本郵政インフォメーションテクノロジー_OSSよろず_2408-2507,保守,2024/08/01,2025/07/31,直接（サポート、保守）,,
238EN0025-03,【保守】コーポレートサイト運営（2025年01月-2025年06月）月額固定,保守,2025/01/01,2025/06/30,直接（サポート、保守）,Financial＆Unique SI,
238EN0025-04,【保守】コーポレートサイト運営（2025年07月-2025年12月）月額固定,保守,2025/07/01,2025/12/31,直接（サポート、保守）,Financial＆Unique SI,
238EN0026-03,【保守】コーポレートサイト運営（2025年01月-2025年06月）月額変動,保守,2025/01/01,2025/06/30,直接（サポート、保守）,Financial＆Unique SI,
238EN0026-04,【保守】コーポレートサイト運営（2025年07月-2025年12月）月額変動,保守,2025/07/01,2025/12/31,直接（サポート、保守）,Financial＆Unique SI,
239EN0015-01,SI保_立命館大学_RU学術認証フェデレーション対応システム保守_2404-2503,保守,2024/04/01,2025/03/31,直接（サポート、保守）,PS,
239EN0015-02,SI保_立命館大学_RU学術認証フェデレーション対応システム保守_2504-2603,保守,2025/04/01,2026/03/31,直接（サポート、保守）,PS,
239EN0016-01,警察庁_OSSよろず_2409-2508,保守,2024/09/01,2025/08/31,直接（サポート、保守）,PS,
23AEN0006-00,警察庁(ユニアデックス)_OSSよろず_2310-2609,保守,2023/10/01,2026/09/30,直接（サポート、保守）,PS,
23AEN0007-07,SMBC日興証券プロジェクト向けシステム開発業務支援（2025年1月-3月）,一括請負,2025/01/01,2025/03/31,直接（準委任契約）,Financial＆Unique SI,
23AEN0007-08,SMBC日興証券プロジェクト向けシステム開発業務支援（2025年4月-6月）,一括請負,2025/04/01,2025/06/30,直接（準委任契約）,Financial＆Unique SI,
23AEN0007-09,SMBC日興証券プロジェクト向けシステム開発業務支援（2025年7月-9月）,一括請負,2025/07/01,2025/09/30,直接（準委任契約）,Financial＆Unique SI,
23AEN0017-00,SI保_静岡大学_全学認証システム一式システム保守_2310-2603,保守,2023/10/18,2026/03/31,直接（サポート、保守）,PS,
23AEN0026-05,【保守】貸借取引情報サイト運用支援,保守,2024/11/26,2025/04/30,直接（サポート、保守）,Financial＆Unique SI,
23AEN0026-06,【保守】令和7年度 貸借取引情報サイト運用支援,保守,2025/05/01,2026/04/30,直接（サポート、保守）,Financial＆Unique SI,
23AEN0027-00,SI保_奈良先端科学技術大学_SSOシステム構築 保守サービス_2404-2503,保守,2024/04/01,2025/03/31,直接（サポート、保守）,,
23AEN0028-00,SI保_日本女子体育大学_GCDS導入+O365連携サーバ更改保守_2310-2609,保守,2023/10/01,2026/09/30,直接（サポート、保守）,PS,
23BEN0008-01,キンドリルジャパン_OSSよろず_2411-2502,保守,2024/11/01,2025/02/28,直接（サポート、保守）,PS,
23BEN0010-04,API_NTTデータグループ_Apigee更改製品選定支援_2501-03,一括請負,2025/01/01,2025/03/31,直接（準委任契約）,APIソリューション,
23BEN0010-05,API_NTTデータグループ_Apigee更改製品選定支援_2504-09,一括請負,2025/04/01,2025/09/30,直接（準委任契約）,APIソリューション,
23BEN0023-01,富士通Japan_OSSよろず_2404-2503,保守,2024/04/01,2025/03/31,直接（サポート、保守）,PS,
23BEN0023-02,富士通Japan_OSSよろず_2504-2603,保守,2025/04/01,2026/03/31,直接（サポート、保守）,PS,
23BEN0024-02,SI保_大塚商会_OTSUKA GATE運用サポート_2412-2505,保守,2024/12/01,2025/05/31,直接（サポート、保守）,Cloud Identity Management,
23BEN0024-03,SI保_大塚商会_OTSUKA GATE運用サポート_2506-2511,保守,2025/06/01,2025/11/30,直接（サポート、保守）,Cloud Identity Management,
23BEN0025-02,SI保_大塚商会_OTSUKA GATE基盤保守_2412-2505,保守,2024/12/01,2025/05/31,直接（サポート、保守）,,
23BEN0025-03,SI保_大塚商会_OTSUKA GATE基盤保守_2506-2511,保守,2025/06/01,2025/11/30,直接（サポート、保守）,Cloud Identity Management,
23CEN0001-01,SCSK_OSSよろず相談室_2412-2511,保守,2024/12/01,2025/11/30,直接（サポート、保守）,,
23CEN0022-04,API_楽天カード_Cassandra保守(2025年1月〜3月_DS),一括請負,2025/01/01,2025/03/31,直接（準委任契約）,APIソリューション,
23CEN0022-05,API_楽天カード_Cassandra保守(2025年4月〜6月_DS),一括請負,2025/04/01,2025/06/30,直接（準委任契約）,APIソリューション,
23CEN0022-06,API_楽天カード_Cassandra保守(2025年7月〜9月_DS),一括請負,2025/07/01,2025/09/30,直接（準委任契約）,APIソリューション,
241EN0001-00,【大区分共通】API,社内PJ,2024/01/01,2033/03/31,直接（大区分共通）,APIソリューション,
241EN0002-00,【大区分販管費共通】API,社内PJ,2024/01/01,2033/03/31,大区分販管費共通,APIソリューション,
241EN0003-00,【販売支援】API,社内PJ,2024/01/01,2033/03/31,販売支援費,APIソリューション,
241EN0004-00,【販売促進】API,社内PJ,2024/01/01,2033/03/31,販売促進費,APIソリューション,
241EN0005-01,SI保_関西大学_Shibboleth IdP構築作業 保守_2411-2510,保守,2024/11/01,2025/10/31,直接（サポート、保守）,,
241EN0008-01,日本証券金融向け保守開発,一括請負,2025/01/06,2025/06/30,進行基準（原価比例法）,Financial＆Unique SI,25EN0070
241EN0012-00,【調査検証】OSSよろず契約,社内PJ,2024/01/01,2026/12/31,調査検証費,,
241EN0013-05,COOP共済セントラル基盤構想プロジェクト構想策定支援業務(202501-202503),一括請負,2025/01/01,2025/03/31,直接（準委任契約）,Financial＆Unique SI,
241EN0013-06,COOP共済セントラル基盤構想プロジェクト構想策定支援業務(202504),一括請負,2025/04/01,2025/04/30,直接（準委任契約）,Financial＆Unique SI,
241EN0014-00,いすゞ自動車_OSSよろず相談室_2402-2501,保守,2024/02/01,2025/01/31,直接（サポート、保守）,,
241EN0016-00,SI保_大手前学園_統合ID管理システム構築保守_2410-2503,保守,2024/10/01,2025/03/31,直接（サポート、保守）,PS,
241EN0016-01,SI保_大手前学園_統合ID管理システム構築保守_2504-2603,保守,2025/04/01,2026/03/31,直接（サポート、保守）,PS,
241EN0018-00,API保守_本田技研工業_A-Dash_API基盤_Kongライセンス,保守,2024/02/01,2025/01/31,直接（サポート、保守）,APIソリューション,
241EN0019-02,森永乳業_OSSよろず相談室_2501-2512,保守,2025/01/01,2025/12/31,直接（サポート、保守）,PS,
242EN0004-01,【大区分販管費共通】社内WordPress保守・運用（2025年01月-2025年12月）,社内PJ,2025/01/01,2025/02/28,大区分販管費共通,Financial＆Unique SI,
242EN0008-00,SI保_愛知教育大学_クラウド認証基盤システム保守_2403-2702,保守,2024/03/01,2027/02/28,直接（サポート、保守）,,
242EN0009-01,API保守_NTTコムウェア次期ビリングシステム KongAPI-GWサポート24.12-25.03,保守,2024/12/01,2025/03/31,直接（サポート、保守）,APIソリューション,
242EN0009-02,API保守_NTTコムウェア次期ビリングシステム KongAPI-GWサポート25.04-26.03,保守,2025/04/01,2026/03/31,直接（サポート、保守）,APIソリューション,
242EN0012-01,JRHシステム_SSL証明書更新作業（2025年）,一括請負,2025/02/12,2025/04/30,直接（準委任契約）,Financial＆Unique SI,
242EN0016-00,NTTコムウェア_KONG OSS版の利用に関する技術サポート_2402-2501,一括請負,2024/02/22,2025/01/31,直接（準委任契約）,,
242EN0017-01,東海東京FH様_カルーセルバナー・動画差し替え（2025年）,一括請負,2025/02/10,2025/07/31,進行基準（原価回収基準）,Financial＆Unique SI,25EN0060
242EN0022-00,九州大学_OSSよろず_2403-2502,保守,2024/03/01,2025/02/28,直接（サポート、保守）,PS,
243EN0002-00,【大区分販管費共通】TechDev,社内PJ,2024/03/01,2033/03/31,大区分販管費共通,技術開発センター,
243EN0010-00,【保守】0586001アクセンチュア_本番環境NOREN導入(サポート),保守,2024/02/01,2025/03/31,直接（サポート、保守）,Financial＆Unique SI,
243EN0010-01,【保守】総務省様向け_NOREN Gavermentサポート,保守,2025/04/01,2026/03/31,直接（サポート、保守）,Financial＆Unique SI,
243EN0014-00,【大区分販管費共通】サイト関連：API,社内PJ,2024/03/01,2031/03/31,大区分販管費共通,,
243EN0015-00,SI保_一橋大学_Googleアカウント連携スクリプト保守_2403-2502,保守,2024/03/11,2025/02/28,直接（サポート、保守）,,
243EN0015-01,SI保_一橋大学_Googleアカウント連携スクリプト保守_2503-2602,保守,2025/03/03,2026/02/28,直接（サポート、保守）,,
243EN0016-00,SI保_北海道国立大学機構_ﾃﾞｼﾞﾀﾙ産学融合ﾗﾎﾞ認証統合管理ｼｽﾃﾑ保守_2404-2703,保守,2024/04/01,2027/03/31,直接（サポート、保守）,,
243EN0020-00,SI保_法政大学_多要素認証導入(保守)_2406-2609,保守,2024/06/01,2026/09/30,直接（サポート、保守）,,
243EN0021-01,SI保_別府大学_仮想基盤運用保守_2404-2503,保守,2024/04/01,2025/03/31,直接（サポート、保守）,PS,
243EN0021-02,SI保_別府大学_仮想基盤運用保守_2504-2603,保守,2025/04/01,2026/03/31,直接（サポート、保守）,PS,
243EN0027-03,IIJ_NEDO_研究開発に関する研究_2501-03,一括請負,2025/01/01,2025/03/31,直接（請負契約）,APIソリューション,
243EN0027-04,IIJ_NEDO_研究開発に関する研究_2504-06,一括請負,2025/04/01,2025/06/30,直接（請負契約）,APIソリューション,
243EN0027-05,IIJ_NEDO_研究開発に関する研究_2507-09,一括請負,2025/07/01,2025/09/30,直接（請負契約）,APIソリューション,
243EN0028-00,SI保_茨城大学_保守2024-2026,保守,2024/09/15,2026/08/31,直接（サポート、保守）,PS,
243EN0029-00,デジタル庁_OSSよろず相談室_2404-2503,保守,2024/04/01,2025/03/31,直接（サポート、保守）,,
243EN0029-01,デジタル庁_OSSよろず相談室_2504-2603,保守,2025/04/01,2026/03/31,直接（サポート、保守）,,
244EN0003-00,住友三井オートサービス_OSSよろず相談室_2404-2503,保守,2024/04/01,2025/03/31,直接（サポート、保守）,,
244EN0004-00,SI保_放送大学_メールリレーサーバ＋Google同期サーバ保守_2404-2703,保守,2024/04/01,2027/03/31,直接（サポート、保守）,PS,
244EN0005-00,SI保_東海国立大学機構_統合認証システム保守（岐阜大学含む）_2304-2403,保守,2024/04/09,2025/03/31,直接（サポート、保守）,PS,
244EN0005-01,SI保_東海国立大学機構_統合認証システム保守（岐阜大学含む）_2504-2603,保守,2025/04/01,2026/03/31,直接（サポート、保守）,PS,
244EN0006-03,農機クラウドシステムの運用・保守および開発・導入支援業務（2025年1月-3月）,一括請負,2025/01/01,2025/03/31,直接（準委任契約）,Financial＆Unique SI,
244EN0006-04,農機クラウドシステムの運用・保守および開発・導入支援業務（2025年4月-6月）,一括請負,2025/04/01,2025/06/30,直接（準委任契約）,Financial＆Unique SI,
244EN0006-05,農機クラウドシステムの運用・保守および開発・導入支援業務（2025年7月-9月）,一括請負,2025/07/01,2025/09/30,直接（準委任契約）,Financial＆Unique SI,
244EN0007-00,SI保_桃山学院大学_認証システム構築 保守_2410-2709,保守,2024/10/01,2027/09/30,直接（サポート、保守）,PS,
244EN0014-00,【保守】福島国際研究教育機構ウェブサイトの運用保守業務（2024年4月～2025年3月）,保守,2024/04/01,2025/03/31,直接（サポート、保守）,Financial＆Unique SI,
244EN0014-01,【保守】令和７年度福島国際研究教育機構（Ｆ-ＲＥＩ）ウェブサイトの運用保守業務,保守,2025/04/01,2026/03/31,直接（サポート、保守）,Financial＆Unique SI,
244EN0017-00,SI保_島根県立大学_SSOシステム（AzureAD）年間システム保守サービス_2404-2703,保守,2024/04/01,2027/03/31,直接（サポート、保守）,,
244EN0019-01,人事・給与関係業務情報システム　UIUXデザイン＆製造Ph,一括請負,2024/10/01,2025/03/31,直接（準委任契約）,Financial＆Unique SI,
245EN0001-01,【保守】広報業務支援（メールマガジン配信関連）,保守,2024/10/01,2025/04/30,直接（サポート、保守）,Financial＆Unique SI,
245EN0001-02,【保守】広報業務支援（メールマガジン配信関連）2025年04月～2025年09月,保守,2025/04/01,2025/10/31,直接（サポート、保守）,Financial＆Unique SI,
245EN0002-01,【保守】日米関係インサイトWebサイトメンテナンス,保守,2024/10/01,2025/04/30,直接（サポート、保守）,Financial＆Unique SI,
245EN0013-00,岡山大学_NW更改に伴う教研 SAMEへのSP 設定作業_2405-2501,一括請負,2024/05/22,2025/01/31,直接（請負契約）,,
245EN0018-04,アサヒブロイラー新販売管理システム開発業務支援,一括請負,2025/01/01,2025/03/31,直接（準委任契約）,Financial＆Unique SI,
245EN0018-05,アサヒブロイラー新販売管理システム開発業務支援,一括請負,2025/04/01,2025/06/30,直接（準委任契約）,Financial＆Unique SI,
245EN0018-06,アサヒブロイラー新販売管理システム開発業務支援,一括請負,2025/07/01,2025/09/30,直接（準委任契約）,Financial＆Unique SI,
246EN0002-00,三菱電機インフォメーションシステムズ_OSSよろず相談室_2407-2506,保守,2024/07/01,2025/06/30,直接（サポート、保守）,,
246EN0010-00,北星学園大学_FY24_DCサーバ更改_2406-2503,一括請負,2024/06/13,2025/03/31,直接（請負契約）,PS,
246EN0020-00,DEIカフェ,社内PJ,2024/06/01,2027/05/31,大区分販管費共通,DEI推進,
246EN0025-00,【販売支援】Elastic_小,社内PJ,2024/07/01,2033/03/31,販売支援費,DX,
246EN0026-00,【販売促進】Elastic_小,社内PJ,2024/07/01,2033/03/31,販売促進費,DX,
247EN0001-00,厚生労働省_OSSよろず_2407-2706,保守,2024/07/01,2027/06/30,直接（サポート、保守）,,
247EN0013-01,NP様システム運用保守・開発支援（2024年10月-2025年3月）,一括請負,2024/10/01,2025/03/31,直接（準委任契約）,Financial＆Unique SI,
247EN0016-01,NOREN_顧客別お知らせ米国株式対応_フェーズ２,一括請負,2024/12/01,2025/06/30,進行基準（原価回収基準）,Financial＆Unique SI,25EN0048
247EN0022-00,常翔学園_摂南大学2025年情報教育設備_2407-2503,一括請負,2024/07/22,2025/03/31,直接（請負契約）,,
247EN0023-02,さくらインターネット_ガバメントクラウド向け構築支援_25.01-03,一括請負,2025/01/01,2025/03/31,直接（請負契約）,APIソリューション,
247EN0024-03,API本田技研工業_A-dash保守_25.01-03,一括請負,2025/01/01,2025/03/31,直接（請負契約）,APIソリューション,
247EN0024-04,API本田技研工業_A-dash保守_25.04-06,一括請負,2025/04/01,2025/06/30,直接（請負契約）,APIソリューション,
247EN0024-05,API本田技研工業_A-dash保守_25.07-09,一括請負,2025/07/01,2025/09/30,直接（請負契約）,APIソリューション,
247EN0030-00,獨協医科大学_統合認証基盤リプレース_2408-2502,一括請負,2024/08/01,2025/02/21,直接（請負契約）,,
247EN2001-00,OBPMバージョンアッププロジェクト連携テストあ,社内PJ,2024/07/13,2033/03/31,直接（請負契約）,PS,
247EN3001-00,OBPMバージョンアップ略名連携テストテスト,社内PJ,2024/08/01,2033/03/31,直接（請負契約）,PS,
248EN0014-00,大阪経済大学_次期教育研究用コンピュータ・ネットワークシステム設計・構築,一括請負,2024/08/30,2025/03/31,直接（請負契約）,PS,
249EN0004-01,JIO友の会「ジオ楽間46号」追加掲載,一括請負,2025/01/21,2025/01/31,直接（請負契約）,Financial＆Unique SI,
249EN0007-02,テプコシステムズ_TEPCODataHub統合ID管理・統合認証基盤設計支援202501-03,一括請負,2025/01/06,2025/03/31,直接（準委任契約）,PS,
249EN0007-03,テプコシステムズ_TEPCODataHub統合ID管理・統合認証基盤設計支援202505-06,一括請負,2025/05/16,2025/06/30,直接（準委任契約）,PS,
249EN0011-00,三井住友海上火災保険_OSSよろず_2409-2508,保守,2024/09/25,2025/08/31,直接（サポート、保守）,,
249EN0012-00,公益法人informationポータルサイトの全面リニューアルのためのコンテンツ作成業務,一括請負,2024/09/12,2025/03/31,進行基準（原価比例法）,Financial＆Unique SI,25EN0040
249EN0014-00,SI保_皇學館大学_LDAP認証サーバ更改及びSAML認証化保守契約_2024,保守,2024/10/01,2025/09/30,直接（サポート、保守）,PS,
249EN0020-00,（継続）日立ドキュメント_アクセス解析レポーティングサービス2024年12月-AB,一括請負,2025/01/01,2025/01/31,直接（請負契約）,Financial＆Unique SI,
249EN0021-00,（継続）日立ドキュメント_アクセス解析レポーティングサービス2025年01月-AB,一括請負,2025/02/01,2025/02/28,直接（請負契約）,Financial＆Unique SI,
249EN0022-00,（継続）日立ドキュメント_アクセス解析レポーティングサービス2025年02月-AB,一括請負,2025/03/01,2025/03/31,直接（請負契約）,Financial＆Unique SI,
24AEN0001-00,ファンドラップ新NISA（要件定義）,一括請負,2024/10/01,2025/01/31,直接（請負契約）,Financial＆Unique SI,
24AEN0001-01,ファンドラップ開発支援（202502）,一括請負,2025/02/01,2025/02/28,直接（請負契約）,Financial＆Unique SI,
24AEN0001-02,ファンドラップ新NISA（設計）,一括請負,2025/03/04,2025/06/30,進行基準（原価比例法）,Financial＆Unique SI,25EN0056
24AEN0001-03,ファンドラップ新NISA（製造UT）,一括請負,2025/07/01,2025/10/31,進行基準（原価比例法）,Financial＆Unique SI,25EN0151
24AEN0004-00,太陽誘電様向けLK導入サービス,一括請負,2024/10/07,2025/03/31,直接（サービス共通）,,
24AEN0005-01,API_NTTデータ_トヨタ自動車向けApigee X本番利用への技術的支援_25.01-03,一括請負,2025/01/01,2025/03/31,直接（請負契約）,APIソリューション,
24AEN0011-00,日本調剤_Gluegent Gate 導入支援一式,一括請負,2024/10/16,2025/02/28,直接（準委任契約）,,
24AEN0012-00,Ｗｉｌｌｙｓｍストレスチェック機能の100名年間契約更新,保守,2024/12/01,2025/11/30,直接（サポート、保守）,Financial＆Unique SI,
24AEN0016-00,OTG_既存PA対応,一括請負,2024/10/28,2025/01/31,直接（請負契約）,,
24AEN0020-00,リソース監視基盤構築技術支援_日興システムソリューションズ_2411-2501,一括請負,2024/11/01,2025/01/31,直接（請負契約）,APIソリューション,
24AEN0022-00,福島国際研究教育機構ウェブサイトに係るコンテンツ移行業務,一括請負,2024/11/01,2025/03/31,直接（請負契約）,Financial＆Unique SI,
24AEN0024-00,トヨタ学園_ Microsoft 365 シングルサインオン化_2410-2503,一括請負,2024/10/30,2025/03/14,直接（請負契約）,,
24AEN0026-00,福島国際研究教育機構ウェブサイトリニューアル業務,一括請負,2024/11/01,2025/03/31,直接（請負契約）,Financial＆Unique SI,
24AEN0026-01,福島国際研究教育機構Ｗｅｂサイトデザインリニューアル追加対応業務,一括請負,2025/01/14,2025/03/31,直接（請負契約）,Financial＆Unique SI,
24BEN0002-00,KDDI_OSSよろず相談室_2411-2503,保守,2024/11/01,2025/03/31,直接（サポート、保守）,,
24BEN0002-01,KDDI_OSSよろず相談室_2504-2603,保守,2025/04/01,2026/03/31,直接（サポート、保守）,PS,
24BEN0003-01,API_NEDO向け耐改ざん性_Phase2_ロギング連携_CTC_25.01,一括請負,2025/01/01,2025/01/31,直接（請負契約）,APIソリューション,
24BEN0004-00,東京大学_認証基盤バージョンアップ作業_2410-2503,一括請負,2024/10/31,2025/03/31,直接（請負契約）,,
24BEN0005-01,API_NEDO向け耐改ざん性 Phase1 ログ収集ツール初期導入CTC_25.01,一括請負,2025/01/01,2025/01/31,直接（請負契約）,APIソリューション,
24BEN0007-00,北海道大学_SSOシステムリプレース及びIdM構築_2411-2503,一括請負,2024/11/05,2025/03/31,直接（請負契約）,,
24BEN0008-00,INDIGOバージョン1のカルテPDF出力に関する業務_請負,一括請負,2024/11/01,2025/04/30,進行基準（原価回収基準）,MedTech SL,25EN0074
24BEN0009-00,浜松医科大学様_キャンパス情報システム,一括請負,2024/11/06,2025/09/16,進行基準（原価比例法）,PS,25EN0118
24BEN0012-00,電子カルテシステム_インフラ構築（前期）業務_請負,一括請負,2024/11/01,2025/01/31,直接（請負契約）,MedTech SL,
24BEN0014-00,北海道大学_統合情報ポータルとの連携費用,一括請負,2024/11/15,2025/01/31,直接（請負契約）,,
24BEN0015-00,慶應義塾大学_グループアドレス管理システム機能追加/OS入替え,一括請負,2024/12/02,2025/03/31,直接（請負契約）,,
24BEN0017-00,一橋大学_プロジェクト管理、設計、構築、その他_2411-2503,一括請負,2024/11/19,2025/03/31,直接（請負契約）,PS,
24BEN0021-00,電子カルテシステム_マスター管理機能開発業務_請負,一括請負,2024/11/01,2025/01/31,直接（請負契約）,MedTech SL,
24BEN0022-00,電子カルテシステム_マスター選択／世代管理機能開発業務_請負,一括請負,2025/02/01,2025/04/30,直接（請負契約）,MedTech SL,
24BEN0023-00,お茶の水女子大学_メール中継サーバ更改_2411-2502,一括請負,2024/11/26,2025/02/28,直接（請負契約）,PS,
24CEN0001-00,大塚商会_OTSUKA GATE オプションメニュー開発CMP連携解除_2411-2503,一括請負,2024/11/26,2025/03/31,直接（請負契約）,Cloud Identity Management,
24CEN0002-00,海洋政策研究所サイトデザイン統合,一括請負,2024/11/29,2025/01/31,直接（請負契約）,Financial＆Unique SI,
24CEN0003-01,ニシム電子工業_RAGシステム構築ハンズオン（旭情報サービス・さくらケーシーエス・磯野様含む）,一括請負,2025/02/26,2025/02/26,直接（請負契約）,PS,
24CEN0004-00,統合与信関連プロジェクト支援,一括請負,2024/12/02,2025/01/31,直接（準委任契約）,Financial＆Unique SI,
24CEN0004-01,貴社製品（QUANTUM）に関わる障害対応・機能改善,一括請負,2025/02/01,2025/03/31,直接（準委任契約）,Financial＆Unique SI,
24CEN0004-02,貴社製品（QUANTUM）に関わる障害対応・機能改善,一括請負,2025/04/01,2025/05/31,直接（準委任契約）,Financial＆Unique SI,
24CEN0004-03,貴社製品（QUANTUM）に関わる障害対応・機能改善,一括請負,2025/06/01,2025/07/31,直接（準委任契約）,Financial＆Unique SI,
24CEN0005-00,国分グループ本社_LDAP Manager ET社向け統合マスタファイルの作成,一括請負,2024/12/01,2025/03/31,直接（請負契約）,PS,
24CEN0007-00,コベルコシステムｰ日本カーソリューションズ案件LKサービス,一括請負,2024/12/05,2025/03/31,直接（サービス共通）,,
24CEN0008-00,API_CTC_NHK様向け認証認可システム構築支援2412-2501,一括請負,2024/12/01,2025/01/31,直接（請負契約）,APIソリューション,
24CEN0008-02,API_CTC_NHK様向け認証認可システム構築支援2502-2503,一括請負,2025/02/01,2025/03/31,直接（準委任契約）,APIソリューション,
24CEN0008-03,API_CTC_NHK様向け認証認可システム構築支援2504-2505,一括請負,2025/04/01,2025/05/31,直接（準委任契約）,APIソリューション,
24CEN0008-04,API_CTC_NHK様向け認証認可システム構築支援2506-2507,一括請負,2025/06/01,2025/07/31,直接（準委任契約）,APIソリューション,
24CEN0009-01,API_MUFG様向けグローバルAPI基盤設計構築支援_25.01-02,一括請負,2025/01/01,2025/02/28,直接（請負契約）,APIソリューション,
24CEN0009-02,API_MUFG様向けグローバルAPI基盤設計構築支援_25.03,一括請負,2025/03/01,2025/03/31,直接（請負契約）,APIソリューション,
24CEN0009-03,API_MUFG様向けグローバルAPI基盤設計構築支援_25.04,一括請負,2025/04/01,2025/04/30,直接（請負契約）,APIソリューション,
24CEN0009-04,API_MUFG様向けグローバルAPI基盤設計構築支援_25.05,一括請負,2025/05/01,2025/05/31,直接（請負契約）,APIソリューション,
24CEN0009-05,API_MUFG様向けグローバルAPI基盤設計構築支援_25.06,一括請負,2025/06/01,2025/06/30,直接（請負契約）,APIソリューション,
24CEN0009-06,API_MUFG様向けグローバルAPI基盤設計構築支援_25.07-09,一括請負,2025/07/01,2025/09/30,直接（請負契約）,APIソリューション,
24CEN0010-00,日立ソリューションズ_Google Workspace連携システムバージョンアップ,一括請負,2024/12/09,2025/03/31,直接（請負契約）,PS,
24CEN0011-00,大和総研 LK4L SCSIリザベーション検証作業（PMAX2000/2500 4環境）,一括請負,2024/12/09,2025/02/28,直接（サービス共通）,,
24CEN0012-00,北海道大学_Adobe認証方式変更_2412-2501,一括請負,2024/12/09,2025/01/31,直接（請負契約）,,
24CEN0015-00,東京都市大学_学認IdPサーバ構築,一括請負,2024/12/13,2025/03/31,直接（請負契約）,PS,
24CEN0016-00,東芝デジタルソリューションズ_サイオスOSSよろず相談室,保守,2025/01/01,2030/12/31,直接（サポート、保守）,,
24CEN0017-00,三菱総合研究所_LDAP Proxy構築_2412-2501,一括請負,2024/12/13,2025/01/31,直接（請負契約）,PS,
24CEN0018-00,SI保_三菱総合研究所_LDAP Proxyサーバ システム保守サービス_2501-2601,保守,2025/01/31,2026/01/30,直接（サポート、保守）,PS,
24CEN0019-00,中部大学_認証システム構築作業,一括請負,2024/12/13,2025/02/27,直接（請負契約）,PS,
24CEN0020-00,SI保_お茶大_メール中継サーバ更改作業システム保守_2503-2902,保守,2025/03/01,2029/02/28,直接（サポート、保守）,PS,
24CEN0021-00,東京理科大学_Shibboleth IdP SP追加（MATLAB）_2412-2503,一括請負,2024/12/17,2025/03/31,直接（請負契約）,PS,
24CEN0022-00,太陽誘電様向けLK導入サービス 追加作業分,一括請負,2024/12/20,2025/03/31,直接（サービス共通）,,
24CEN0023-00,放送大学学園_Shibboleth IdP認証基盤構築,一括請負,2024/12/20,2025/03/31,直接（請負契約）,PS,
24CEN0026-00,電子カルテ開発業務帳票関連開発（フェーズ１）業務_請負,一括請負,2024/12/01,2025/02/28,直接（請負契約）,MedTech SL,
24CEN0027-00,電子カルテ開発_ORCA連携開発（患者連携）業務_請負,一括請負,2024/12/01,2025/03/31,直接（請負契約）,MedTech SL,
24CEN0028-00,電子カルテ開発_コンポーネント開発業務_請負,一括請負,2024/12/01,2025/01/31,直接（請負契約）,MedTech SL,
24CEN0029-00,岡山大学_次期キャンパス情報NW 教育研究システムLB切替え,一括請負,2024/12/20,2025/03/21,直接（請負契約）,PS,
24CEN0030-00,関西外国語大学_CyberMailからGoogleWorkSpace メール移行_2412-2508,一括請負,2024/12/27,2025/08/31,進行基準（原価比例法）,PS,25EN0101
24CEN0031-00,大塚商会_アルファメールプロビジョニングチーム常駐対応2025年1Q_2501,一括請負,2025/01/01,2025/01/31,直接（準委任契約）,PS,
24CEN0031-01,大塚商会_アルファメールプロビジョニングチーム常駐対応2025年1Q_2502,一括請負,2025/02/01,2025/02/28,直接（準委任契約）,PS,
24CEN0031-02,大塚商会_アルファメールプロビジョニングチーム常駐対応2025年1Q_2503,一括請負,2025/03/01,2025/03/31,直接（準委任契約）,PS,
24CEN0032-00,一橋大学_統合ID管理システム一式_2412-2509,一括請負,2024/12/27,2025/09/30,進行基準（原価比例法）,PS,25EN0119
251EN0001-00,調査検証費Elastic,社内PJ,2025/01/01,2025/12/31,調査検証費,DX,
251EN0002-00,立教学院_受信用ﾒｰﾙﾘﾚｰｻｰﾊﾞSPFﾚｺｰﾄﾞﾁｪｯｸ実装_2501-03,一括請負,2025/01/08,2025/03/31,直接（請負契約）,,
251EN0003-00,電子カルテシステム_業務運用設計（業務チーム）_SES,一括請負,2025/01/01,2025/01/31,直接（準委任契約）,MedTech SL,
251EN0004-00,電子カルテシステム開発業務（開発チーム）_SES,一括請負,2025/01/01,2025/01/31,直接（準委任契約）,MedTech SL,
251EN0005-00,電子カルテシステム_インフラ構築（後期）業務_請負,一括請負,2025/01/01,2025/06/30,進行基準（原価比例法）,MedTech SL,25EN0105
251EN0006-00,理化学研究所_MDAQ plugin for Grafanaの改造,一括請負,2025/01/15,2025/03/26,直接（請負契約）,,
251EN0007-00,全農パールライス販売管理システムの運用・保守・開発業務支援,一括請負,2025/01/01,2025/03/31,直接（準委任契約）,Financial＆Unique SI,
251EN0007-01,全農パールライス販売管理システムの運用・保守・開発業務支援,一括請負,2025/04/01,2025/06/30,直接（準委任契約）,Financial＆Unique SI,
251EN0007-02,全農パールライス販売管理システムの運用・保守・開発支援業務（2025年6月）,一括請負,2025/06/01,2025/06/30,直接（準委任契約）,Financial＆Unique SI,
251EN0007-03,全農パールライス販売管理システムの運用・保守・開発支援業務（2025年7月-9月）,一括請負,2025/07/01,2025/09/30,直接（準委任契約）,Financial＆Unique SI,
251EN0008-00,北海道国立大学機構_FY24_学認RDM作業費,一括請負,2025/01/15,2025/02/28,直接（請負契約）,,
251EN0009-00,API_NEDO向けAPI基盤コンサル_25.01-03,一括請負,2025/01/15,2025/03/31,直接（請負契約）,APIソリューション,
251EN0010-00,【大区分販管共通】生成AI評価Project２,社内PJ,2025/01/01,2025/06/30,調査検証費,,
251EN0012-00,研:LK-SUB研究開発25H1,社内PJ,2025/01/01,2025/06/30,研究開発費,BC&CS,
251EN0013-00,貴社製品（QUANTUM）に関わる導入支援作業,一括請負,2025/02/01,2025/03/31,直接（準委任契約）,Financial＆Unique SI,
251EN0013-01,貴社製品（QUANTUM）に関わる導入支援作業,一括請負,2025/04/01,2025/05/31,直接（準委任契約）,Financial＆Unique SI,
251EN0013-02,貴社製品（QUANTUM）に関わる導入支援作業,一括請負,2025/06/01,2025/07/31,直接（準委任契約）,Financial＆Unique SI,
251EN0014-00,立教学院_OTP強制化改修,一括請負,2025/01/23,2025/06/30,進行基準（原価回収基準）,PS,25EN0110
251EN0015-00,【大区分販管費共通】Webインフラ保守(WordPress),社内PJ,2025/02/01,2033/03/31,大区分販管費共通,技術開発センター,
251EN0016-00,外部FW更改正月特別対応,一括請負,2025/01/01,2025/01/10,直接（準委任契約）,Financial＆Unique SI,
251EN0017-00,（継続）OurEngage_パソナセーフティネット（2025年02月～2026年01月）,保守,2025/02/01,2026/01/31,直接（サポート、保守）,Financial＆Unique SI,
251EN0018-00,【保守】（継続）コマドリ　ウィリズム（2025年2月から1年契約）,保守,2025/02/01,2026/01/31,直接（サポート、保守）,Financial＆Unique SI,
251EN0019-00,豊田通商システムズ_OSSよろず相談室_2502-2601,保守,2025/02/01,2026/01/31,直接（サポート、保守）,,
251EN0020-00,荏原製作所_X-bility構築(MVP_要件定義フェーズ)_202501-202503,一括請負,2025/01/06,2025/03/31,直接（準委任契約）,,
251EN0020-01,荏原製作所_X-bility構築(MVP_要件定義フェーズ)_202504,一括請負,2025/04/01,2025/04/30,直接（準委任契約）,,
251EN0021-00,京都大学_多要素認証システムメッセージ改修一式,一括請負,2025/01/17,2025/03/31,直接（請負契約）,PS,
2520001-00,【削除】API_AWS_CPPO,社内PJ,2025/01/01,2027/12/31,直接（サポート、保守）,APIソリューション,
252EN0001-00,【大区分販管費共通】Webインフラ保守(コーポレートサイト),社内PJ,2025/02/01,2033/03/31,大区分販管費共通,技術開発センター,
252EN0002-00,OKI_LKLin_ストレージ認定テスト,一括請負,2024/12/01,2025/01/28,直接（請負契約）,,
252EN0003-00,富山薬品工業_CSRページ改修,一括請負,2025/02/01,2025/03/31,直接（請負契約）,Financial＆Unique SI,
252EN0004-00,電子カルテシステム_業務運用設計（業務チーム）_SES,一括請負,2025/02/01,2025/02/28,直接（準委任契約）,MedTech SL,
252EN0006-00,電子カルテ開発業務（開発チーム）_SES,一括請負,2025/02/01,2025/02/28,直接（準委任契約）,MedTech SL,
252EN0007-00,電子カルテ開発業務_基幹機能開発（キャッシュ）_請負,一括請負,2025/02/01,2025/02/28,直接（請負契約）,MedTech SL,
252EN0008-00,API_NKSOLGrafana OSSサポート_25.02_30.01,保守,2025/02/01,2030/01/31,直接（サポート、保守）,APIソリューション,
252EN0009-00,伊藤忠丸紅鉄鋼様向け保護リソース削除LKサービス,一括請負,2025/02/01,2025/03/31,直接（サービス共通）,,
252EN0010-00,API_AWS_CPPO,社内PJ,2025/01/01,2027/12/31,直接（サポート、保守）,APIソリューション,
252EN0012-00,くら寿司_店舗サーバー仮想基盤構築支援,一括請負,2025/02/11,2025/03/31,直接（準委任契約）,PS,
252EN0012-01,くら寿司_店舗サーバー仮想基盤構築支援2504,一括請負,2025/04/01,2025/04/30,直接（準委任契約）,PS,
252EN0012-02,くら寿司_店舗サーバー仮想基盤構築支援2505,一括請負,2025/05/01,2025/05/31,直接（準委任契約）,PS,
252EN0012-03,くら寿司_店舗サーバー仮想基盤構築支援2506,一括請負,2025/06/01,2025/06/30,直接（準委任契約）,PS,
252EN0012-04,くら寿司_店舗サーバー仮想基盤構築支援2507,一括請負,2025/07/01,2025/07/31,直接（準委任契約）,PS,
252EN0013-00,出光興産_生成AI活用における全体支援業務,一括請負,2025/02/17,2025/03/31,直接（準委任契約）,APIソリューション,
252EN0014-00,F-LINE_GLG各種設定役務サービス（フェーズ1：2,一括請負,2025/02/25,2025/03/31,直接（請負契約）,,
252EN0015-00,F-LINE_GLG各種設定役務サービス（フェーズ2,一括請負,2025/04/01,2025/05/30,直接（請負契約）,Cloud Identity Management,
252EN0016-00,古河ネットワークソリューション_Fらくねっと コンサルティング,一括請負,2025/02/18,2025/03/31,直接（準委任契約）,PS,
252EN0016-01,古河ネットワークソリューション_Fらくねっと コンサルティング_2504,一括請負,2025/04/01,2025/04/25,直接（準委任契約）,PS,
252EN0017-00,SmartみんなのZ会計（JA全農たまごアドオン機能） 開発作業（1次開発）,一括請負,2025/03/01,2025/03/31,直接（請負契約）,Financial＆Unique SI,
252EN0017-01,SmartみんなのZ会計（JA全農たまごアドオン機能） 開発作業（2次開発）,一括請負,2025/03/01,2025/05/31,直接（請負契約）,Financial＆Unique SI,
252EN0017-02,SmartみんなのZ会計（科飼研アドオン機能）開発作業,一括請負,2025/06/01,2025/08/31,直接（請負契約）,Financial＆Unique SI,
253EN0001-00,電子カルテシステム_運用設計（業務チーム）_SES,一括請負,2025/03/01,2025/03/31,直接（準委任契約）,MedTech SL,
253EN0002-00,電子カルテシステム_開発業務（開発チーム）_SES,一括請負,2025/03/01,2025/03/31,直接（準委任契約）,MedTech SL,
253EN0003-00,電子カルテシステム_ORCA会計連携開発_請負,一括請負,2025/03/01,2025/05/31,直接（請負契約）,MedTech SL,
253EN0004-00,電子カルテシステム_Do機能開発_請負,一括請負,2025/03/01,2025/04/30,直接（請負契約）,MedTech SL,
253EN0005-00,ドメイン変更対応（www.ttil.co.jp）,一括請負,2025/03/03,2025/03/31,直接（請負契約）,Financial＆Unique SI,
253EN0006-00,SI保_中部大学_認証システム構築保守,保守,2025/03/01,2026/02/28,直接（サポート、保守）,PS,
253EN0007-00,Bond Squareロゴ作成,一括請負,2025/03/07,2025/04/11,直接（請負契約）,Financial＆Unique SI,
253EN0008-00,日本大学_Amazon RDS MySQLのマイナーアップデート,一括請負,2025/03/06,2025/03/31,直接（請負契約）,PS,
253EN0009-00,Mizkan_RAG研修チケット,一括請負,2025/03/03,2025/06/30,進行基準（原価回収基準）,PS,25EN0090
253EN0010-00,ジャックス_OSSよろず契約_2502-2601,保守,2025/02/01,2026/01/31,直接（サポート、保守）,PS,
253EN0011-00,日本大学_Microsoft Entra Connect アップグレード対応,一括請負,2025/03/13,2025/04/07,直接（請負契約）,PS,
253EN0012-00,NTTデータ先端技術_コンテナ入門,一括請負,2025/03/11,2025/03/31,直接（準委任契約）,PS,
253EN0013-00,NTTデータ先端技術_トレーニング受講の件（RAG/AIトレーニング）_2503,一括請負,2025/03/11,2025/03/31,直接（準委任契約）,PS,
253EN0014-00,NTTデータ先端技術_Docker入門コース,一括請負,2025/03/11,2025/06/30,進行基準（原価比例法）,PS,25EN0102
253EN0015-00,SI保_慶應義塾大学_グループアドレス管理システム 保守_2025,保守,2025/04/01,2026/03/31,直接（サポート、保守）,PS,
253EN0016-00,ウィーメックス_OSSよろず契約(スポット)_2503-2504,保守,2025/03/25,2025/04/30,直接（サポート、保守）,PS,
253EN0017-00,大和総研 LK4L SCSIリザベーション 追加検証作業（PMAX2000 2パターン）,一括請負,2025/03/24,2025/05/30,直接（サービス共通）,,
253EN0018-00,API_オムロン Grafana OSS サポート_25.03-12,保守,2025/03/24,2025/12/31,直接（サポート、保守）,APIソリューション,
253EN0019-00,大塚商会_アルファメールプロビジョニングチーム常駐対応2025年2Q_2504,一括請負,2025/04/01,2025/04/30,直接（準委任契約）,PS,
253EN0019-01,大塚商会_アルファメールプロビジョニングチーム常駐対応2025年2Q_2505,一括請負,2025/05/01,2025/05/31,直接（準委任契約）,PS,
253EN0019-02,大塚商会_アルファメールプロビジョニングチーム常駐対応2025年2Q_2506,一括請負,2025/06/01,2025/06/30,直接（準委任契約）,PS,
253EN0020-00,ニシム電子工業_RAGスターターパックのご提案_2504-07,一括請負,2025/04/01,2025/07/31,進行基準（原価回収基準）,PS,
253EN0021-00,電子カルテシステム_運用設計（業務チーム）_SES,一括請負,2025/04/01,2025/04/30,直接（準委任契約）,MedTech SL,
253EN0022-00,電子カルテシステム_運用設計（開発チーム）_SES,一括請負,2025/04/01,2025/04/30,直接（準委任契約）,MedTech SL,
253EN0023-00,電子カルテシステム_オーダセット機能開発_請負,一括請負,2025/04/01,2025/05/31,直接（請負契約）,MedTech SL,
253EN0024-00,JIO友の会 総合保険リンク追加,一括請負,2025/03/31,2025/03/31,直接（請負契約）,Financial＆Unique SI,
253EN0025-00,EMシステムズ_Red Hat Satellite構築,一括請負,2025/04/01,2025/10/31,進行基準（原価比例法）,PS,25EN0104
253EN0026-00,東海東京FH様_人権尊重への取り組み追加,一括請負,2025/04/01,2025/05/31,直接（請負契約）,Financial＆Unique SI,
253EN0027-00,（継続）日立ドキュメント_アクセス解析レポーティングサービス2025年03月-AB,一括請負,2025/04/01,2025/04/30,直接（請負契約）,Financial＆Unique SI,
253EN0028-00,（継続）日立ドキュメント_アクセス解析レポーティングサービス2025年05月-AB,一括請負,2025/05/01,2025/05/31,直接（請負契約）,Financial＆Unique SI,
253EN0029-00,（継続）日立ドキュメント_アクセス解析レポーティングサービス2025年05月-AB,一括請負,2025/06/01,2025/06/30,直接（請負契約）,Financial＆Unique SI,
253EN0030-00,（継続）日立ドキュメント_アクセス解析レポーティングサービス2025年06月-AB,一括請負,2025/07/01,2025/07/31,直接（請負契約）,Financial＆Unique SI,
253EN0031-00,（継続）日立ドキュメント_アクセス解析レポーティングサービス2025年07月-AB,一括請負,2025/08/01,2025/08/31,直接（請負契約）,Financial＆Unique SI,
253EN0032-00,（継続）日立ドキュメント_アクセス解析レポーティングサービス2025年08月-AB,一括請負,2025/09/01,2025/09/30,直接（請負契約）,Financial＆Unique SI,
254EN0001-00,工学院大学_SeciossLink導入作業,一括請負,2025/04/01,2025/08/29,進行基準（原価比例法）,PS,25EN0107
254EN0002-00,API_伊藤忠テクノソリューションズ_経済安全保障重要技術育成プログラム/ハイブリッドクラウド利用,一括請負,2025/04/07,2025/07/31,直接（準委任契約）,APIソリューション,
254EN0003-00,さくらケーシーエス(Mizkan含む)_Dify入門ハンズオ ン(実践編),一括請負,2025/04/25,2025/04/25,直接（請負契約）,,
254EN0004-00,健診予約サイト保守業務,一括請負,2025/04/16,2025/06/30,直接（準委任契約）,Financial＆Unique SI,
254EN0004-02,【保守】健診予約サイト保守業務（2025年7月-9月）,保守,2025/07/01,2025/09/30,直接（サポート、保守）,Financial＆Unique SI,
254EN0005-00,あおぞら銀行_ローカルLLM環境におけるKong Gateway導入支援,保守,2025/04/01,2025/05/31,直接（サポート、保守）,APIソリューション,
254EN0005-01,あおぞら銀行_ローカルLLM環境におけるKong Gateway導入支援_2506-2508,保守,2025/06/01,2025/08/31,直接（サポート、保守）,APIソリューション,
254EN0006-00,光学ソリューションサイトPowerCMSX　最適化改修業務,一括請負,2025/04/02,2025/05/31,直接（請負契約）,Financial＆Unique SI,
254EN0007-00,AmazonビジネスAPI連携PJ,一括請負,2025/04/15,2025/06/30,直接（準委任契約）,Financial＆Unique SI,
254EN0008-00,SI保：摂南⼤学_２０２５年度教研システム保守_2504-2603,保守,2025/04/10,2026/03/31,直接（サポート、保守）,PS,
254EN0009-00,LKサービス原価見積作成依頼_丸紅IT電話待機,一括請負,2025/04/16,2025/06/30,直接（サービス共通）,,
254EN0010-00,SI保_豊田工業大学_Microsoft 365 シングルサインオン化保守_2504-2603,保守,2025/04/01,2026/03/31,直接（サポート、保守）,,
254EN0011-00,日興システムソリューションズ株式会社_API保守ｻﾎﾟｰﾄ_2504-2505,一括請負,2025/04/21,2025/05/31,直接（準委任契約）,,
254EN0012-00,健診予約システム開発支援業務,一括請負,2025/05/19,2025/06/30,直接（準委任契約）,Financial＆Unique SI,
254EN0012-01,健診予約システム開発支援業務（2025年7月-9月）,一括請負,2025/07/01,2025/09/30,直接（準委任契約）,Financial＆Unique SI,
254EN0013-00,立教学院_アカウントライフサイクル・退職処理改修作業,一括請負,2025/04/25,2025/06/30,直接（請負契約）,,
254EN0014-00,日本大学_NU-API/Syncmanアップデート,一括請負,2025/04/30,2025/07/29,直接（請負契約）,,
255EN0001-00,SI保_放送大学学園_Shibboleth IdP認証基盤構築_2505₋2604,保守,2025/05/01,2026/04/30,直接（サポート、保守）,PS,
255EN0002-00,静岡大学_LDAP Managerのエラー処理改善対応,一括請負,2025/05/01,2025/07/31,直接（請負契約）,,
255EN0003-00,NTTコムウェア_KONG OSS版の利用に関する技術サポート,一括請負,2025/05/01,2025/06/30,直接（準委任契約）,APIソリューション,
255EN0004-00,日本大学_LicenseSyncへのプラン追加対応,一括請負,2025/05/01,2025/05/30,直接（請負契約）,PS,
255EN0005-00,TCS/関電工様向けバージョンアップ作業における個別電話サポート,一括請負,2025/05/01,2025/05/30,直接（サポート、保守）,,
255EN0006-00,鴻池運輸様向けLKサービス,一括請負,2025/05/07,2025/06/30,直接（サービス共通）,,
255EN0007-00,鴻池運輸様向けLKサービス（運用手順書作成）,一括請負,2025/05/07,2025/06/30,直接（サービス共通）,,
255EN0008-00,札幌医科大学_LDAPシステム構築_2505-2508,一括請負,2025/05/08,2025/08/31,進行基準（原価回収基準）,PS,25EN0112
255EN0009-00,電子カルテシステム_帳票関連開発（フェーズ２）業務,一括請負,2025/05/01,2025/05/31,直接（請負契約）,MedTech SL,
255EN0010-00,電子カルテ開発業務（開発チーム）_SES,一括請負,2025/05/01,2025/05/31,直接（準委任契約）,MedTech SL,
255EN0011-00,電子カルテ開発業務_運用設計（業務チーム）_SES,一括請負,2025/05/01,2025/05/31,直接（準委任契約）,MedTech SL,
255EN0012-00,JP社地図システムサーバ更改対応,一括請負,2025/05/12,2025/07/25,直接（請負契約）,Financial＆Unique SI,
255EN0013-00,札幌学院大学_ID統合管理基盤リプレース_2505-2509,一括請負,2025/05/12,2025/09/30,進行基準（原価比例法）,PS,25EN0134
255EN0014-00,自治医科大学_統合認証システムOSバージョンアップ作業,一括請負,2025/05/19,2025/08/31,進行基準（原価比例法）,PS,25EN0136
255EN0015-00,サッポロホールディングス株式会社_LDAPManagerリプレース_2505-2507,一括請負,2025/05/14,2025/07/31,直接（請負契約）,PS,
255EN0016-00,エージェント向け業務支援システム調査2025年5月,一括請負,2025/05/01,2025/05/31,直接（準委任契約）,Financial＆Unique SI,
255EN0017-00,セコムトラストシステムズ 個別支援作業,一括請負,2025/05/01,2025/05/31,直接（サービス共通）,,
255EN0018-00,エクシオ・デジタルソリューションズ_Microsoft 365 アカウント管理システム構築,一括請負,2025/05/12,2025/09/30,進行基準（原価比例法）,PS,25EN0140
255EN0019-00,伊藤忠テクノソリューションズ_花王_RNA肌解析API基盤運用構築に関する初期支援_25052506,一括請負,2025/05/19,2025/06/30,直接（準委任契約）,APIソリューション,
255EN0020-00,キンドリルジャパン_MUFG向け本番デプロイ高度化PJT(ゲスト対応効率化)_2505,一括請負,2025/05/20,2025/05/31,直接（準委任契約）,APIソリューション,
255EN0020-01,キンドリルジャパン_MUFG向け本番デプロイ高度化PJT(ゲスト対応効率化)_2506,一括請負,2025/06/01,2025/06/30,直接（準委任契約）,APIソリューション,
255EN0021-00,【保守】CAT、Orders保守運用_20250621-250920,一括請負,2025/06/21,2025/09/20,直接（サポート、保守）,Financial＆Unique SI,
255EN0022-00,アサヒブロイラー販売管理システム開発業務,一括請負,2025/06/01,2025/12/26,進行基準（原価比例法）,Financial＆Unique SI,25EN0145
255EN0023-00,横河技術情報_実施予算書の帳票の文言変更_2506,一括請負,2025/05/27,2025/06/30,直接（請負契約）,PS,
256EN0001-00,荏原製作所_X-bility(PoC結果報告書作成)_2506,一括請負,2025/06/01,2025/06/30,直接（請負契約）,APIソリューション,
256EN0002-00,電子カルテ_運用設計（業務チーム）,一括請負,2025/06/01,2025/06/30,直接（準委任契約）,MedTech SL,
256EN0003-00,三景様「レーベルWEB発注システム」メール認証方式変更対応,一括請負,2025/06/01,2025/07/31,直接（請負契約）,Financial＆Unique SI,
256EN0004-00,電子カルテ開発業務（開発チーム）,一括請負,2025/06/01,2025/06/30,直接（準委任契約）,MedTech SL,
256EN0005-00,玉川学園_メール中継サーバ構築_2506-2512,一括請負,2025/06/06,2025/12/30,進行基準（原価回収基準）,PS,25EN0148
256EN0006-00,コベルコｰカーソリューションズ様LKサービス追加作業分,一括請負,2025/06/10,2025/06/25,直接（サービス共通）,,
256EN0007-00,コベルコシステムｰ日本カーソリューションズ追加作業費用（再追加分）,一括請負,2025/06/10,2025/06/25,直接（サービス共通）,,
256EN0008-00,理化学研究所_MDAQ plugin for Grafanaの改造_2506-2509,一括請負,2025/06/16,2025/09/30,進行基準（原価回収基準）,PS,25EN0152
256EN0009-00,自治医科大学_SMTPサーバ構築_2506-2507,一括請負,2025/06/23,2025/07/31,直接（請負契約）,PS,
256EN0010-00,岡山大学_EntraConnectSyncバージョンアップ_2506-09,一括請負,2025/06/17,2025/09/30,進行基準（原価回収基準）,,25EN0153
256EN0011-00,JIO友の会パンフレット関係の改修,一括請負,2025/06/19,2025/06/30,直接（請負契約）,Financial＆Unique SI,
256EN0012-00,SI保:東京都市大学_ShibbolethIdP構築 保守サービス_2506-2509,保守,2025/06/01,2025/09/30,直接（サポート、保守）,PS,
256EN0013-00,IIJ/パーク24様向けLK導入サービス,一括請負,2025/06/25,2025/08/29,直接（サービス共通）,,
256EN0014-00,大塚商会_アルファメールプロビジョニングチーム常駐対応25年7月,一括請負,2025/07/01,2025/07/31,直接（準委任契約）,PS,
256EN0014-01,大塚商会_アルファメールプロビジョニングチーム常駐対応25年8月,一括請負,2025/08/01,2025/08/31,直接（準委任契約）,PS,
256EN0014-02,大塚商会_アルファメールプロビジョニングチーム常駐対応25年9月,一括請負,2025/09/01,2025/09/30,直接（準委任契約）,PS,
256EN0015-00,京都大学_学生向けGoogle Workspaceテナント整備/構築_2507-2509,一括請負,2025/07/01,2025/09/30,直接（請負契約）,PS,25EN0154
257EN0001-00,bingo!CMS PHP8リリースに伴うバージョンアップ,一括請負,2025/07/01,2025/09/30,直接（請負契約）,Financial＆Unique SI,
257EN0002-00,サイバートラスト_MVH v1.4 開発支援(バックエンドの 開発支援)業務,一括請負,2025/07/01,2025/09/30,直接（準委任契約）,PS,